Date,BCOM Index,Unnamed: 2,Date.1,DXY Index,Unnamed: 5,Date.2,GLD Equity,Unnamed: 8,Date.3,LQD Equity,Unnamed: 11,Date.4,SPY Equity,Unnamed: 14,Date.5,TLT Equity
2015-01-02,103.8614,,2015-01-01,90.276,,2015-01-02,114.08,,2015-01-02,119.83,,2015-01-02,205.43,,2015-01-02,127.32
2015-01-05,103.873,,2015-01-02,91.08,,2015-01-05,115.8,,2015-01-05,120.32,,2015-01-05,201.72,,2015-01-05,129.32
2015-01-06,104.0825,,2015-01-05,91.378,,2015-01-06,117.12,,2015-01-06,120.81,,2015-01-06,199.82,,2015-01-06,131.65
2015-01-07,103.5252,,2015-01-06,91.499,,2015-01-07,116.43,,2015-01-07,120.97,,2015-01-07,202.31,,2015-01-07,131.39
2015-01-08,103.6365,,2015-01-07,91.89,,2015-01-08,115.94,,2015-01-08,120.58,,2015-01-08,205.9,,2015-01-08,129.65
2015-01-09,103.6223,,2015-01-08,92.368,,2015-01-09,117.26,,2015-01-09,120.9,,2015-01-09,204.25,,2015-01-09,131.07
2015-01-12,101.895,,2015-01-09,91.935,,2015-01-12,118.56,,2015-01-12,121.13,,2015-01-12,202.65,,2015-01-12,131.82
2015-01-13,101.2909,,2015-01-12,91.983,,2015-01-13,118.16,,2015-01-13,121.24,,2015-01-13,202.08,,2015-01-13,131.82
2015-01-14,102.3496,,2015-01-13,92.31,,2015-01-14,117.97,,2015-01-14,121.45,,2015-01-14,200.86,,2015-01-14,132.82
2015-01-15,101.7177,,2015-01-14,92.161,,2015-01-15,120.94,,2015-01-15,122.08,,2015-01-15,199.0199,,2015-01-15,134.91
2015-01-16,103.3062,,2015-01-15,92.352,,2015-01-16,122.52,,2015-01-16,121.4,,2015-01-16,201.63,,2015-01-16,133.19
2015-01-20,101.4993,,2015-01-16,92.52,,2015-01-20,124.2,,2015-01-20,121.68,,2015-01-20,202.055,,2015-01-20,134.96
2015-01-21,102.5472,,2015-01-19,92.52,,2015-01-21,124.23,,2015-01-21,121.63,,2015-01-21,203.08,,2015-01-21,133.4
2015-01-22,101.5883,,2015-01-20,93.046,,2015-01-22,125.23,,2015-01-22,121.57,,2015-01-22,206.1,,2015-01-22,132.92
2015-01-23,101.131,,2015-01-21,92.904,,2015-01-23,124.23,,2015-01-23,122.28,,2015-01-23,204.97,,2015-01-23,134.77
2015-01-26,100.745,,2015-01-22,94.077,,2015-01-26,122.99,,2015-01-26,122.25,,2015-01-26,205.45,,2015-01-26,134.36
2015-01-27,101.3211,,2015-01-23,94.762,,2015-01-27,124.4,,2015-01-27,122.34,,2015-01-27,202.74,,2015-01-27,134.57
2015-01-28,100.2513,,2015-01-26,94.802,,2015-01-28,123.42,,2015-01-28,123.17,,2015-01-28,200.14,,2015-01-28,136.77
2015-01-29,98.7629,,2015-01-27,94.022,,2015-01-29,120.76,,2015-01-29,122.88,,2015-01-29,201.9902,,2015-01-29,135.87
2015-01-30,100.8413,,2015-01-28,94.467,,2015-01-30,123.45,,2015-01-30,123.89,,2015-01-30,199.45,,2015-01-30,138.28
2015-02-02,101.3224,,2015-01-29,94.782,,2015-02-02,122.42,,2015-02-02,123.67,,2015-02-02,201.92,,2015-02-02,137.48
2015-02-03,104.0163,,2015-01-30,94.804,,2015-02-03,121.05,,2015-02-03,122.67,,2015-02-03,204.84,,2015-02-03,134.57
2015-02-04,101.6108,,2015-02-02,94.504,,2015-02-04,121.58,,2015-02-04,122.84,,2015-02-04,204.06,,2015-02-04,134.8
2015-02-05,102.4819,,2015-02-03,93.6,,2015-02-05,121.79,,2015-02-05,122.45,,2015-02-05,206.12,,2015-02-05,133.32
2015-02-06,102.6488,,2015-02-04,93.986,,2015-02-06,118.64,,2015-02-06,121.17,,2015-02-06,205.55,,2015-02-06,130.96
2015-02-09,103.5666,,2015-02-05,93.569,,2015-02-09,119.17,,2015-02-09,121.25,,2015-02-09,204.63,,2015-02-09,130.75
2015-02-10,102.1225,,2015-02-06,94.698,,2015-02-10,118.47,,2015-02-10,120.92,,2015-02-10,206.81,,2015-02-10,129.71
2015-02-11,101.6249,,2015-02-09,94.449,,2015-02-11,117.07,,2015-02-11,121.0,,2015-02-11,206.93,,2015-02-11,129.95
2015-02-12,103.0098,,2015-02-10,94.758,,2015-02-12,117.34,,2015-02-12,121.31,,2015-02-12,208.92,,2015-02-12,129.52
2015-02-13,104.472,,2015-02-11,94.985,,2015-02-13,117.98,,2015-02-13,120.83,,2015-02-13,209.78,,2015-02-13,128.19
2015-02-17,103.9821,,2015-02-12,94.094,,2015-02-17,116.01,,2015-02-17,120.27,,2015-02-17,210.11,,2015-02-17,126.26
2015-02-18,103.21,,2015-02-13,94.201,,2015-02-18,116.34,,2015-02-18,120.7,,2015-02-18,210.13,,2015-02-18,127.01
2015-02-19,103.2202,,2015-02-16,94.201,,2015-02-19,115.94,,2015-02-19,120.68,,2015-02-19,209.98,,2015-02-19,126.17
2015-02-20,102.7283,,2015-02-17,94.061,,2015-02-20,115.28,,2015-02-20,120.86,,2015-02-20,211.239,,2015-02-20,126.54
2015-02-23,101.7313,,2015-02-18,94.198,,2015-02-23,115.43,,2015-02-23,121.27,,2015-02-23,211.209,,2015-02-23,127.99
2015-02-24,101.9664,,2015-02-19,94.404,,2015-02-24,115.26,,2015-02-24,122.06,,2015-02-24,211.81,,2015-02-24,129.67
2015-02-25,102.7864,,2015-02-20,94.253,,2015-02-25,115.7,,2015-02-25,122.17,,2015-02-25,211.63,,2015-02-25,130.23
2015-02-26,102.1028,,2015-02-23,94.569,,2015-02-26,116.07,,2015-02-26,121.51,,2015-02-26,211.38,,2015-02-26,128.45
2015-02-27,103.4379,,2015-02-24,94.493,,2015-02-27,116.16,,2015-02-27,121.8,,2015-02-27,210.66,,2015-02-27,129.53
2015-03-02,101.8861,,2015-02-25,94.213,,2015-03-02,115.68,,2015-03-02,120.42,,2015-03-02,211.99,,2015-03-02,126.87
2015-03-03,102.0982,,2015-02-26,95.292,,2015-03-03,115.47,,2015-03-03,120.35,,2015-03-03,211.12,,2015-03-03,126.41
2015-03-04,102.0542,,2015-02-27,95.293,,2015-03-04,115.11,,2015-03-04,120.27,,2015-03-04,210.2301,,2015-03-04,126.45
2015-03-05,101.6979,,2015-03-02,95.462,,2015-03-05,115.0,,2015-03-05,120.43,,2015-03-05,210.46,,2015-03-05,126.29
2015-03-06,100.7694,,2015-03-03,95.383,,2015-03-06,111.86,,2015-03-06,119.15,,2015-03-06,207.5,,2015-03-06,123.5
2015-03-09,100.3442,,2015-03-04,95.965,,2015-03-09,111.97,,2015-03-09,119.63,,2015-03-09,208.36,,2015-03-09,124.64
2015-03-10,99.1358,,2015-03-05,96.378,,2015-03-10,111.42,,2015-03-10,119.82,,2015-03-10,204.98,,2015-03-10,126.28
2015-03-11,99.3781,,2015-03-06,97.615,,2015-03-11,110.75,,2015-03-11,120.43,,2015-03-11,204.5,,2015-03-11,127.2
2015-03-12,98.9953,,2015-03-09,97.588,,2015-03-12,110.72,,2015-03-12,120.31,,2015-03-12,207.1,,2015-03-12,127.11
2015-03-13,97.5777,,2015-03-10,98.618,,2015-03-13,110.88,,2015-03-13,119.97,,2015-03-13,205.8272,,2015-03-13,126.72
2015-03-16,97.3299,,2015-03-11,99.795,,2015-03-16,110.81,,2015-03-16,120.09,,2015-03-16,208.58,,2015-03-16,127.94
2015-03-17,96.9626,,2015-03-12,99.435,,2015-03-17,110.21,,2015-03-17,120.29,,2015-03-17,207.96,,2015-03-17,129.0
2015-03-18,98.1868,,2015-03-13,100.33,,2015-03-18,112.37,,2015-03-18,121.77,,2015-03-18,210.46,,2015-03-18,131.49
2015-03-19,97.9882,,2015-03-16,99.604,,2015-03-19,112.29,,2015-03-19,121.15,,2015-03-19,209.5,,2015-03-19,130.82
2015-03-20,99.5455,,2015-03-17,99.585,,2015-03-20,113.57,,2015-03-20,121.49,,2015-03-20,210.41,,2015-03-20,131.51
2015-03-23,100.1287,,2015-03-18,98.55,,2015-03-23,114.29,,2015-03-23,121.77,,2015-03-23,210.0,,2015-03-23,131.35
2015-03-24,100.0038,,2015-03-19,99.26,,2015-03-24,114.57,,2015-03-24,121.95,,2015-03-24,208.82,,2015-03-24,132.62
2015-03-25,100.3086,,2015-03-20,97.909,,2015-03-25,114.73,,2015-03-25,121.55,,2015-03-25,205.76,,2015-03-25,131.5
2015-03-26,101.0461,,2015-03-23,97.033,,2015-03-26,115.48,,2015-03-26,120.8,,2015-03-26,205.27,,2015-03-26,129.45
2015-03-27,99.3652,,2015-03-24,97.193,,2015-03-27,115.06,,2015-03-27,121.28,,2015-03-27,205.74,,2015-03-27,131.06
2015-03-30,99.2875,,2015-03-25,96.979,,2015-03-30,113.75,,2015-03-30,121.49,,2015-03-30,208.25,,2015-03-30,130.41
2015-03-31,98.123,,2015-03-26,97.436,,2015-03-31,113.66,,2015-03-31,121.71,,2015-03-31,206.43,,2015-03-31,130.69
2015-04-01,99.8963,,2015-03-27,97.291,,2015-04-01,115.6,,2015-04-01,121.73,,2015-04-01,205.7,,2015-04-01,132.13
2015-04-02,99.6875,,2015-03-30,97.975,,2015-04-02,115.28,,2015-04-02,121.53,,2015-04-02,206.435,,2015-04-02,130.73
2015-04-06,100.9518,,2015-03-31,98.357,,2015-04-06,116.69,,2015-04-06,121.69,,2015-04-06,207.83,,2015-04-06,130.0
2015-04-07,101.3824,,2015-04-01,98.185,,2015-04-07,116.11,,2015-04-07,122.13,,2015-04-07,207.28,,2015-04-07,131.09
2015-04-08,99.2247,,2015-04-02,97.436,,2015-04-08,115.47,,2015-04-08,122.09,,2015-04-08,207.975,,2015-04-08,131.13
2015-04-09,98.797,,2015-04-03,96.545,,2015-04-09,114.67,,2015-04-09,121.47,,2015-04-09,208.9,,2015-04-09,129.43
2015-04-10,99.4714,,2015-04-06,96.777,,2015-04-10,115.966,,2015-04-10,121.64,,2015-04-10,210.04,,2015-04-10,129.62
2015-04-13,99.0605,,2015-04-07,97.83,,2015-04-13,115.14,,2015-04-13,121.6,,2015-04-13,209.09,,2015-04-13,129.8
2015-04-14,99.6698,,2015-04-08,97.94,,2015-04-14,114.44,,2015-04-14,121.88,,2015-04-14,209.49,,2015-04-14,130.72
2015-04-15,101.4433,,2015-04-09,99.155,,2015-04-15,115.43,,2015-04-15,121.96,,2015-04-15,210.43,,2015-04-15,130.61
2015-04-16,102.31,,2015-04-10,99.338,,2015-04-16,115.03,,2015-04-16,121.89,,2015-04-16,210.37,,2015-04-16,129.96
2015-04-17,101.819,,2015-04-13,99.49,,2015-04-17,115.6,,2015-04-17,122.22,,2015-04-17,207.95,,2015-04-17,131.45
2015-04-20,101.1654,,2015-04-14,98.733,,2015-04-20,114.72,,2015-04-20,121.93,,2015-04-20,209.85,,2015-04-20,130.29
2015-04-21,100.7391,,2015-04-15,98.319,,2015-04-21,115.38,,2015-04-21,121.9,,2015-04-21,209.6,,2015-04-21,129.7
2015-04-22,100.6419,,2015-04-16,97.415,,2015-04-22,113.83,,2015-04-22,121.11,,2015-04-22,210.63,,2015-04-22,127.72
2015-04-23,101.6138,,2015-04-17,97.52,,2015-04-23,114.66,,2015-04-23,121.42,,2015-04-23,211.16,,2015-04-23,128.27
2015-04-24,101.5906,,2015-04-20,97.941,,2015-04-24,113.05,,2015-04-24,121.65,,2015-04-24,211.6499,,2015-04-24,129.07
2015-04-27,101.765,,2015-04-21,98.004,,2015-04-27,115.33,,2015-04-27,121.56,,2015-04-27,210.77,,2015-04-27,129.07
2015-04-28,102.061,,2015-04-22,97.932,,2015-04-28,116.33,,2015-04-28,120.84,,2015-04-28,211.44,,2015-04-28,127.29
2015-04-29,103.0634,,2015-04-23,97.278,,2015-04-29,115.51,,2015-04-29,119.84,,2015-04-29,210.57,,2015-04-29,125.73
2015-04-30,103.7471,,2015-04-24,96.922,,2015-04-30,113.47,,2015-04-30,119.94,,2015-04-30,208.46,,2015-04-30,125.95
2015-05-01,103.3993,,2015-04-27,96.765,,2015-05-01,113.08,,2015-05-01,118.95,,2015-05-01,210.72,,2015-05-01,124.0
2015-05-04,103.6961,,2015-04-28,96.092,,2015-05-04,114.1,,2015-05-04,118.57,,2015-05-04,211.32,,2015-05-04,122.83
2015-05-05,104.7285,,2015-04-29,95.209,,2015-05-05,114.42,,2015-05-05,118.37,,2015-05-05,208.9,,2015-05-05,122.66
2015-05-06,104.562,,2015-04-30,94.6,,2015-05-06,114.36,,2015-05-06,117.86,,2015-05-06,208.04,,2015-05-06,120.56
2015-05-07,103.1043,,2015-05-01,95.297,,2015-05-07,113.42,,2015-05-07,118.33,,2015-05-07,208.87,,2015-05-07,122.18
2015-05-08,104.0993,,2015-05-04,95.48,,2015-05-08,113.97,,2015-05-08,119.01,,2015-05-08,211.62,,2015-05-08,122.51
2015-05-11,103.3951,,2015-05-05,95.076,,2015-05-11,113.53,,2015-05-11,117.81,,2015-05-11,210.605,,2015-05-11,119.53
2015-05-12,104.6512,,2015-05-06,94.087,,2015-05-12,114.5,,2015-05-12,117.64,,2015-05-12,209.98,,2015-05-12,119.84
2015-05-13,104.9837,,2015-05-07,94.635,,2015-05-13,116.55,,2015-05-13,117.53,,2015-05-13,210.02,,2015-05-13,118.88
2015-05-14,105.4938,,2015-05-08,94.794,,2015-05-14,117.18,,2015-05-14,117.93,,2015-05-14,212.21,,2015-05-14,119.2
2015-05-15,105.3453,,2015-05-11,95.011,,2015-05-15,117.53,,2015-05-15,118.75,,2015-05-15,212.44,,2015-05-15,121.59
2015-05-18,105.088,,2015-05-12,94.534,,2015-05-18,117.52,,2015-05-18,117.84,,2015-05-18,213.1,,2015-05-18,119.55
2015-05-19,102.8047,,2015-05-13,93.617,,2015-05-19,115.89,,2015-05-19,117.21,,2015-05-19,213.03,,2015-05-19,118.49
2015-05-20,102.9428,,2015-05-14,93.457,,2015-05-20,116.08,,2015-05-20,117.35,,2015-05-20,212.88,,2015-05-20,118.69
2015-05-21,103.7503,,2015-05-15,93.135,,2015-05-21,115.69,,2015-05-21,117.91,,2015-05-21,213.5,,2015-05-21,120.35
2015-05-22,102.5038,,2015-05-18,94.221,,2015-05-22,115.6,,2015-05-22,117.83,,2015-05-22,212.99,,2015-05-22,120.4
2015-05-26,100.772,,2015-05-19,95.267,,2015-05-26,113.91,,2015-05-26,118.35,,2015-05-26,210.7,,2015-05-26,122.46
2015-05-27,100.0014,,2015-05-20,95.448,,2015-05-27,113.89,,2015-05-27,118.47,,2015-05-27,212.7,,2015-05-27,122.74
2015-05-28,100.1561,,2015-05-21,95.255,,2015-05-28,114.02,,2015-05-28,118.22,,2015-05-28,212.46,,2015-05-28,122.44
2015-05-29,100.9465,,2015-05-22,96.014,,2015-05-29,114.1,,2015-05-29,118.27,,2015-05-29,211.14,,2015-05-29,122.71
2015-06-01,101.0561,,2015-05-25,96.014,,2015-06-01,114.0,,2015-06-01,117.28,,2015-06-01,211.57,,2015-06-01,121.13
2015-06-02,102.0676,,2015-05-26,97.299,,2015-06-02,114.46,,2015-06-02,116.68,,2015-06-02,211.36,,2015-06-02,119.44
2015-06-03,100.9914,,2015-05-27,97.371,,2015-06-03,113.64,,2015-06-03,115.93,,2015-06-03,211.92,,2015-06-03,117.52
2015-06-04,100.0515,,2015-05-28,96.965,,2015-06-04,112.84,,2015-06-04,116.53,,2015-06-04,210.1292,,2015-06-04,119.05
2015-06-05,100.2458,,2015-05-29,96.907,,2015-06-05,112.24,,2015-06-05,115.94,,2015-06-05,209.77,,2015-06-05,117.6
2015-06-08,100.6041,,2015-06-01,97.392,,2015-06-08,112.57,,2015-06-08,115.86,,2015-06-08,208.48,,2015-06-08,117.47
2015-06-09,102.1749,,2015-06-02,95.835,,2015-06-09,112.82,,2015-06-09,115.34,,2015-06-09,208.45,,2015-06-09,116.54
2015-06-10,102.712,,2015-06-03,95.465,,2015-06-10,113.78,,2015-06-10,115.03,,2015-06-10,210.95,,2015-06-10,115.52
2015-06-11,101.4942,,2015-06-04,95.461,,2015-06-11,113.26,,2015-06-11,116.05,,2015-06-11,211.63,,2015-06-11,117.95
2015-06-12,100.5809,,2015-06-05,96.306,,2015-06-12,113.23,,2015-06-12,115.85,,2015-06-12,210.01,,2015-06-12,117.95
2015-06-15,100.2693,,2015-06-08,95.299,,2015-06-15,113.73,,2015-06-15,115.83,,2015-06-15,209.11,,2015-06-15,118.14
2015-06-16,100.5206,,2015-06-09,95.166,,2015-06-16,113.32,,2015-06-16,116.12,,2015-06-16,210.25,,2015-06-16,119.07
2015-06-17,100.523,,2015-06-10,94.646,,2015-06-17,113.85,,2015-06-17,116.11,,2015-06-17,210.59,,2015-06-17,118.15
2015-06-18,100.6035,,2015-06-11,94.976,,2015-06-18,115.32,,2015-06-18,115.9,,2015-06-18,212.78,,2015-06-18,117.57
2015-06-19,99.8353,,2015-06-12,94.972,,2015-06-19,115.12,,2015-06-19,116.52,,2015-06-19,210.81,,2015-06-19,119.08
2015-06-22,100.0458,,2015-06-15,94.81,,2015-06-22,113.64,,2015-06-22,115.6,,2015-06-22,211.89,,2015-06-22,116.65
2015-06-23,100.7234,,2015-06-16,94.999,,2015-06-23,112.89,,2015-06-23,115.34,,2015-06-23,212.04,,2015-06-23,115.95
2015-06-24,100.468,,2015-06-17,94.296,,2015-06-24,112.59,,2015-06-24,115.66,,2015-06-24,210.5,,2015-06-24,116.95
2015-06-25,100.9008,,2015-06-18,94.042,,2015-06-25,112.44,,2015-06-25,115.47,,2015-06-25,209.86,,2015-06-25,116.54
2015-06-26,101.1317,,2015-06-19,94.085,,2015-06-26,112.56,,2015-06-26,114.94,,2015-06-26,209.82,,2015-06-26,115.23
2015-06-29,100.7349,,2015-06-22,94.329,,2015-06-29,113.07,,2015-06-29,115.94,,2015-06-29,205.42,,2015-06-29,118.28
2015-06-30,102.6892,,2015-06-23,95.432,,2015-06-30,112.37,,2015-06-30,115.72,,2015-06-30,205.85,,2015-06-30,117.46
2015-07-01,101.6029,,2015-06-24,95.264,,2015-07-01,111.98,,2015-07-01,115.02,,2015-07-01,207.5,,2015-07-01,115.62
2015-07-02,101.8648,,2015-06-25,95.187,,2015-07-02,111.76,,2015-07-02,115.46,,2015-07-02,207.31,,2015-07-02,116.0
2015-07-06,99.1078,,2015-06-26,95.472,,2015-07-06,112.06,,2015-07-06,115.92,,2015-07-06,206.72,,2015-07-06,118.15
2015-07-07,97.5994,,2015-06-29,94.79,,2015-07-07,110.76,,2015-07-07,116.4,,2015-07-07,208.02,,2015-07-07,119.26
2015-07-08,97.8443,,2015-06-30,95.485,,2015-07-08,111.09,,2015-07-08,116.56,,2015-07-08,204.53,,2015-07-08,120.29
2015-07-09,99.0382,,2015-07-01,96.31,,2015-07-09,111.36,,2015-07-09,115.79,,2015-07-09,204.9,,2015-07-09,117.92
2015-07-10,99.3342,,2015-07-02,96.113,,2015-07-10,111.49,,2015-07-10,115.05,,2015-07-10,207.48,,2015-07-10,116.05
2015-07-13,99.5776,,2015-07-03,96.113,,2015-07-13,110.99,,2015-07-13,114.8,,2015-07-13,209.77,,2015-07-13,115.69
2015-07-14,99.4037,,2015-07-06,96.298,,2015-07-14,110.74,,2015-07-14,114.9,,2015-07-14,210.68,,2015-07-14,116.07
2015-07-15,98.4829,,2015-07-07,96.865,,2015-07-15,110.16,,2015-07-15,115.2,,2015-07-15,210.61,,2015-07-15,117.3
2015-07-16,98.0791,,2015-07-08,96.294,,2015-07-16,109.76,,2015-07-16,115.38,,2015-07-16,212.3,,2015-07-16,118.11
2015-07-17,97.5677,,2015-07-09,96.606,,2015-07-17,108.65,,2015-07-17,115.46,,2015-07-17,212.48,,2015-07-17,118.72
2015-07-20,96.2029,,2015-07-10,96.025,,2015-07-20,105.7,,2015-07-20,115.19,,2015-07-20,212.59,,2015-07-20,118.22
2015-07-21,96.3599,,2015-07-13,96.858,,2015-07-21,105.37,,2015-07-21,115.43,,2015-07-21,211.75,,2015-07-21,118.86
2015-07-22,95.3199,,2015-07-14,96.643,,2015-07-22,104.8,,2015-07-22,115.58,,2015-07-22,211.37,,2015-07-22,119.6
2015-07-23,94.3904,,2015-07-15,97.166,,2015-07-23,104.33,,2015-07-23,115.92,,2015-07-23,210.18,,2015-07-23,121.09
2015-07-24,93.2871,,2015-07-16,97.668,,2015-07-24,105.35,,2015-07-24,115.87,,2015-07-24,208.0,,2015-07-24,121.39
2015-07-27,92.1493,,2015-07-17,97.862,,2015-07-27,104.86,,2015-07-27,115.88,,2015-07-27,206.79,,2015-07-27,122.04
2015-07-28,92.8979,,2015-07-20,98.029,,2015-07-28,105.02,,2015-07-28,115.79,,2015-07-28,209.33,,2015-07-28,121.15
2015-07-29,93.045,,2015-07-21,97.328,,2015-07-29,105.17,,2015-07-29,115.69,,2015-07-29,210.77,,2015-07-29,120.7
2015-07-30,92.6245,,2015-07-22,97.598,,2015-07-30,104.27,,2015-07-30,115.75,,2015-07-30,210.82,,2015-07-30,121.63
2015-07-31,91.7827,,2015-07-23,97.115,,2015-07-31,104.93,,2015-07-31,116.35,,2015-07-31,210.5,,2015-07-31,122.53
2015-08-03,90.4331,,2015-07-24,97.244,,2015-08-03,104.1,,2015-08-03,116.29,,2015-08-03,209.79,,2015-08-03,123.55
2015-08-04,91.1156,,2015-07-27,96.502,,2015-08-04,104.31,,2015-08-04,115.7,,2015-08-04,209.38,,2015-08-04,122.57
2015-08-05,90.8273,,2015-07-28,96.772,,2015-08-05,103.93,,2015-08-05,115.25,,2015-08-05,210.07,,2015-08-05,121.65
2015-08-06,90.5323,,2015-07-29,96.976,,2015-08-06,104.39,,2015-08-06,115.47,,2015-08-06,208.35,,2015-08-06,122.73
2015-08-07,90.4799,,2015-07-30,97.56,,2015-08-07,104.65,,2015-08-07,115.87,,2015-08-07,207.95,,2015-08-07,124.34
2015-08-10,92.6227,,2015-07-31,97.336,,2015-08-10,105.72,,2015-08-10,115.41,,2015-08-10,210.57,,2015-08-10,122.8
2015-08-11,91.1178,,2015-08-03,97.494,,2015-08-11,106.26,,2015-08-11,115.89,,2015-08-11,208.67,,2015-08-11,124.75
2015-08-12,90.8315,,2015-08-04,97.931,,2015-08-12,107.75,,2015-08-12,115.71,,2015-08-12,208.92,,2015-08-12,124.07
2015-08-13,90.4538,,2015-08-05,97.958,,2015-08-13,106.86,,2015-08-13,115.31,,2015-08-13,208.66,,2015-08-13,123.67
2015-08-14,90.3553,,2015-08-06,97.833,,2015-08-14,106.85,,2015-08-14,115.42,,2015-08-14,209.42,,2015-08-14,123.96
2015-08-17,89.8147,,2015-08-07,97.563,,2015-08-17,107.13,,2015-08-17,115.79,,2015-08-17,210.59,,2015-08-17,124.52
2015-08-18,89.2938,,2015-08-10,97.159,,2015-08-18,107.11,,2015-08-18,115.35,,2015-08-18,209.98,,2015-08-18,123.54
2015-08-19,88.5264,,2015-08-11,97.29,,2015-08-19,108.55,,2015-08-19,115.91,,2015-08-19,208.32,,2015-08-19,124.76
2015-08-20,89.2297,,2015-08-12,96.262,,2015-08-20,110.44,,2015-08-20,115.98,,2015-08-20,203.97,,2015-08-20,126.02
2015-08-21,87.8048,,2015-08-13,96.445,,2015-08-21,111.13,,2015-08-21,116.01,,2015-08-21,197.83,,2015-08-21,126.4
2015-08-24,85.8531,,2015-08-14,96.52,,2015-08-24,110.53,,2015-08-24,115.69,,2015-08-24,189.5,,2015-08-24,126.36
2015-08-25,86.2752,,2015-08-17,96.806,,2015-08-25,109.16,,2015-08-25,115.1,,2015-08-25,187.27,,2015-08-25,124.33
2015-08-26,85.1383,,2015-08-18,97.04,,2015-08-26,107.67,,2015-08-26,115.03,,2015-08-26,194.46,,2015-08-26,121.93
2015-08-27,87.7216,,2015-08-19,96.359,,2015-08-27,107.73,,2015-08-27,115.14,,2015-08-27,199.27,,2015-08-27,122.0
2015-08-28,89.3579,,2015-08-20,95.98,,2015-08-28,108.7,,2015-08-28,115.35,,2015-08-28,199.28,,2015-08-28,122.36
2015-08-31,90.9328,,2015-08-21,95.008,,2015-08-31,108.82,,2015-08-31,115.06,,2015-08-31,197.67,,2015-08-31,121.42
2015-09-01,88.738,,2015-08-24,93.332,,2015-09-01,109.2,,2015-09-01,115.42,,2015-09-01,191.77,,2015-09-01,122.03
2015-09-02,88.9281,,2015-08-25,94.53,,2015-09-02,108.62,,2015-09-02,115.25,,2015-09-02,195.41,,2015-09-02,120.98
2015-09-03,89.4195,,2015-08-26,95.1,,2015-09-03,107.84,,2015-09-03,115.8,,2015-09-03,195.55,,2015-09-03,121.57
2015-09-04,88.4894,,2015-08-27,95.61,,2015-09-04,107.49,,2015-09-04,116.06,,2015-09-04,192.59,,2015-09-04,122.68
2015-09-08,89.3503,,2015-08-28,96.106,,2015-09-08,107.52,,2015-09-08,115.52,,2015-09-08,197.43,,2015-09-08,120.87
2015-09-09,88.2201,,2015-08-31,95.824,,2015-09-09,106.13,,2015-09-09,115.77,,2015-09-09,194.79,,2015-09-09,121.45
2015-09-10,89.1462,,2015-09-01,95.45,,2015-09-10,106.38,,2015-09-10,115.54,,2015-09-10,195.85,,2015-09-10,120.63
2015-09-11,88.9268,,2015-09-02,95.828,,2015-09-11,106.16,,2015-09-11,115.62,,2015-09-11,196.74,,2015-09-11,121.39
2015-09-14,88.5721,,2015-09-03,96.405,,2015-09-14,106.22,,2015-09-14,115.61,,2015-09-14,196.01,,2015-09-14,121.58
2015-09-15,88.571,,2015-09-04,96.229,,2015-09-15,105.9,,2015-09-15,114.74,,2015-09-15,198.46,,2015-09-15,119.25
2015-09-16,89.4589,,2015-09-07,96.229,,2015-09-16,107.31,,2015-09-16,114.95,,2015-09-16,200.18,,2015-09-16,118.8
2015-09-17,89.0314,,2015-09-08,95.985,,2015-09-17,108.41,,2015-09-17,115.9,,2015-09-17,199.73,,2015-09-17,120.25
2015-09-18,87.7272,,2015-09-09,96.012,,2015-09-18,109.21,,2015-09-18,116.25,,2015-09-18,195.45,,2015-09-18,122.1
2015-09-21,88.5615,,2015-09-10,95.456,,2015-09-21,108.53,,2015-09-21,115.66,,2015-09-21,196.46,,2015-09-21,120.11
2015-09-22,87.6693,,2015-09-11,95.194,,2015-09-22,107.79,,2015-09-22,116.16,,2015-09-22,193.91,,2015-09-22,121.78
2015-09-23,87.186,,2015-09-14,95.246,,2015-09-23,108.22,,2015-09-23,116.09,,2015-09-23,193.6,,2015-09-23,121.77
2015-09-24,87.8704,,2015-09-15,95.611,,2015-09-24,110.49,,2015-09-24,116.11,,2015-09-24,192.9,,2015-09-24,122.6
2015-09-25,88.4942,,2015-09-16,95.42,,2015-09-25,109.81,,2015-09-25,115.76,,2015-09-25,192.85,,2015-09-25,121.54
2015-09-28,87.3344,,2015-09-17,94.55,,2015-09-28,108.42,,2015-09-28,115.96,,2015-09-28,188.01,,2015-09-28,123.62
2015-09-29,87.5618,,2015-09-18,94.863,,2015-09-29,107.98,,2015-09-29,116.11,,2015-09-29,188.12,,2015-09-29,123.97
2015-09-30,87.8214,,2015-09-21,95.894,,2015-09-30,106.86,,2015-09-30,116.09,,2015-09-30,191.63,,2015-09-30,123.54
2015-10-01,87.1305,,2015-09-22,96.283,,2015-10-01,106.73,,2015-10-01,115.73,,2015-10-01,192.13,,2015-10-01,123.81
2015-10-02,87.8914,,2015-09-23,96.068,,2015-10-02,108.99,,2015-10-02,116.24,,2015-10-02,195.0,,2015-10-02,124.56
2015-10-05,88.8007,,2015-09-24,95.994,,2015-10-05,108.77,,2015-10-05,115.93,,2015-10-05,198.47,,2015-10-05,122.87
2015-10-06,90.2675,,2015-09-25,96.269,,2015-10-06,109.86,,2015-10-06,116.16,,2015-10-06,197.79,,2015-10-06,123.4
2015-10-07,90.1089,,2015-09-28,96.034,,2015-10-07,109.7,,2015-10-07,116.57,,2015-10-07,199.41,,2015-10-07,122.99
2015-10-08,90.3452,,2015-09-29,95.855,,2015-10-08,109.14,,2015-10-08,116.11,,2015-10-08,201.21,,2015-10-08,121.96
2015-10-09,91.0084,,2015-09-30,96.35,,2015-10-09,110.87,,2015-10-09,116.16,,2015-10-09,201.33,,2015-10-09,122.28
2015-10-12,90.0524,,2015-10-01,96.185,,2015-10-12,111.31,,2015-10-12,116.63,,2015-10-12,201.52,,2015-10-12,123.21
2015-10-13,89.9819,,2015-10-02,95.83,,2015-10-13,111.86,,2015-10-13,116.54,,2015-10-13,200.25,,2015-10-13,123.42
2015-10-14,90.1376,,2015-10-05,96.106,,2015-10-14,113.81,,2015-10-14,117.0,,2015-10-14,199.29,,2015-10-14,124.5
2015-10-15,89.839,,2015-10-06,95.455,,2015-10-15,113.29,,2015-10-15,116.95,,2015-10-15,202.35,,2015-10-15,123.89
2015-10-16,89.7835,,2015-10-07,95.497,,2015-10-16,112.49,,2015-10-16,116.99,,2015-10-16,203.27,,2015-10-16,123.93
2015-10-19,88.5192,,2015-10-08,95.318,,2015-10-19,112.02,,2015-10-19,116.98,,2015-10-19,203.37,,2015-10-19,123.59
2015-10-20,88.829,,2015-10-09,94.813,,2015-10-20,112.73,,2015-10-20,116.76,,2015-10-20,203.09,,2015-10-20,122.83
2015-10-21,88.1843,,2015-10-12,94.841,,2015-10-21,111.73,,2015-10-21,117.34,,2015-10-21,201.85,,2015-10-21,124.05
2015-10-22,88.1748,,2015-10-13,94.759,,2015-10-22,111.69,,2015-10-22,117.59,,2015-10-22,205.26,,2015-10-22,124.26
2015-10-23,87.4464,,2015-10-14,93.931,,2015-10-23,111.5,,2015-10-23,117.16,,2015-10-23,207.51,,2015-10-23,123.2
2015-10-26,86.9614,,2015-10-15,94.371,,2015-10-26,111.43,,2015-10-26,117.37,,2015-10-26,207.0,,2015-10-26,124.02
2015-10-27,86.6234,,2015-10-16,94.54,,2015-10-27,111.68,,2015-10-27,117.4,,2015-10-27,206.6,,2015-10-27,124.33
2015-10-28,87.642,,2015-10-19,94.928,,2015-10-28,110.78,,2015-10-28,116.94,,2015-10-28,208.95,,2015-10-28,123.83
2015-10-29,86.8672,,2015-10-20,94.913,,2015-10-29,109.72,,2015-10-29,116.12,,2015-10-29,208.83,,2015-10-29,121.86
2015-10-30,87.4289,,2015-10-21,95.035,,2015-10-30,109.3,,2015-10-30,116.42,,2015-10-30,207.93,,2015-10-30,122.78
2015-11-02,86.8684,,2015-10-22,96.378,,2015-11-02,108.59,,2015-11-02,115.59,,2015-11-02,210.39,,2015-11-02,121.95
2015-11-03,87.693,,2015-10-23,97.127,,2015-11-03,106.98,,2015-11-03,115.6,,2015-11-03,211.0,,2015-11-03,120.95
2015-11-04,86.5148,,2015-10-26,96.861,,2015-11-04,105.97,,2015-11-04,115.47,,2015-11-04,210.36,,2015-11-04,121.09
2015-11-05,85.826,,2015-10-27,96.906,,2015-11-05,105.64,,2015-11-05,115.5,,2015-11-05,210.15,,2015-11-05,120.77
2015-11-06,85.2346,,2015-10-28,97.782,,2015-11-06,104.1,,2015-11-06,114.75,,2015-11-06,210.04,,2015-11-06,119.0
2015-11-09,84.2369,,2015-10-29,97.282,,2015-11-09,104.4,,2015-11-09,114.56,,2015-11-09,208.08,,2015-11-09,118.33
2015-11-10,84.0446,,2015-10-30,96.946,,2015-11-10,104.18,,2015-11-10,114.85,,2015-11-10,208.56,,2015-11-10,118.68
2015-11-11,83.618,,2015-11-02,96.928,,2015-11-11,103.83,,2015-11-11,114.84,,2015-11-11,207.74,,2015-11-11,118.43
2015-11-12,82.8691,,2015-11-03,97.158,,2015-11-12,103.85,,2015-11-12,114.8,,2015-11-12,204.84,,2015-11-12,119.0
2015-11-13,82.4332,,2015-11-04,97.95,,2015-11-13,103.56,,2015-11-13,115.14,,2015-11-13,202.54,,2015-11-13,119.68
2015-11-16,82.4601,,2015-11-05,97.936,,2015-11-16,103.71,,2015-11-16,115.16,,2015-11-16,205.62,,2015-11-16,119.57
2015-11-17,81.7422,,2015-11-06,99.168,,2015-11-17,102.34,,2015-11-17,115.28,,2015-11-17,205.47,,2015-11-17,119.77
2015-11-18,81.5672,,2015-11-09,98.979,,2015-11-18,102.43,,2015-11-18,115.31,,2015-11-18,208.73,,2015-11-18,120.02
2015-11-19,81.7412,,2015-11-10,99.293,,2015-11-19,103.56,,2015-11-19,115.65,,2015-11-19,208.55,,2015-11-19,120.82
2015-11-20,81.4234,,2015-11-11,99.013,,2015-11-20,103.09,,2015-11-20,115.63,,2015-11-20,209.3108,,2015-11-20,120.45
2015-11-23,81.4999,,2015-11-12,98.649,,2015-11-23,102.26,,2015-11-23,115.67,,2015-11-23,209.07,,2015-11-23,120.82
2015-11-24,82.1446,,2015-11-13,98.998,,2015-11-24,102.94,,2015-11-24,115.71,,2015-11-24,209.35,,2015-11-24,120.81
2015-11-25,82.2684,,2015-11-16,99.442,,2015-11-25,102.46,,2015-11-25,115.82,,2015-11-25,209.32,,2015-11-25,121.09
2015-11-27,81.0962,,2015-11-17,99.631,,2015-11-27,101.25,,2015-11-27,115.86,,2015-11-27,209.56,,2015-11-27,120.97
2015-11-30,81.0781,,2015-11-18,99.652,,2015-11-30,101.92,,2015-11-30,115.91,,2015-11-30,208.69,,2015-11-30,121.45
2015-12-01,81.7533,,2015-11-19,98.989,,2015-12-01,102.28,,2015-12-01,116.45,,2015-12-01,210.68,,2015-12-01,122.83
2015-12-02,80.3708,,2015-11-20,99.565,,2015-12-02,100.69,,2015-12-02,116.17,,2015-12-02,208.529,,2015-12-02,122.87
2015-12-03,81.2978,,2015-11-23,99.803,,2015-12-03,101.76,,2015-12-03,114.63,,2015-12-03,205.61,,2015-12-03,119.53
2015-12-04,81.7016,,2015-11-24,99.527,,2015-12-04,104.02,,2015-12-04,115.25,,2015-12-04,209.62,,2015-12-04,120.58
2015-12-07,79.5064,,2015-11-25,99.795,,2015-12-07,102.67,,2015-12-07,115.45,,2015-12-07,208.35,,2015-12-07,121.75
2015-12-08,79.169,,2015-11-26,99.795,,2015-12-08,102.84,,2015-12-08,115.3,,2015-12-08,206.949,,2015-12-08,121.81
2015-12-09,79.2466,,2015-11-27,100.02,,2015-12-09,102.64,,2015-12-09,115.27,,2015-12-09,205.34,,2015-12-09,121.68
2015-12-10,79.1544,,2015-11-30,100.17,,2015-12-10,102.55,,2015-12-10,115.0,,2015-12-10,205.87,,2015-12-10,121.84
2015-12-11,78.4224,,2015-12-01,99.795,,2015-12-11,103.11,,2015-12-11,115.2,,2015-12-11,201.88,,2015-12-11,123.76
2015-12-14,77.9609,,2015-12-02,99.993,,2015-12-14,101.79,,2015-12-14,114.35,,2015-12-14,202.9008,,2015-12-14,122.16
2015-12-15,77.5781,,2015-12-03,97.621,,2015-12-15,101.52,,2015-12-15,114.36,,2015-12-15,205.0308,,2015-12-15,121.44
2015-12-16,77.0807,,2015-12-04,98.354,,2015-12-16,102.75,,2015-12-16,114.34,,2015-12-16,208.03,,2015-12-16,121.18
2015-12-17,76.6045,,2015-12-07,98.655,,2015-12-17,100.5,,2015-12-17,114.47,,2015-12-17,204.86,,2015-12-17,122.55
2015-12-18,77.4523,,2015-12-08,98.474,,2015-12-18,102.04,,2015-12-18,114.47,,2015-12-18,200.0208,,2015-12-18,123.23
2015-12-21,77.6985,,2015-12-09,97.345,,2015-12-21,103.15,,2015-12-21,114.55,,2015-12-21,201.67,,2015-12-21,123.2
2015-12-22,77.169,,2015-12-10,97.939,,2015-12-22,102.61,,2015-12-22,114.4,,2015-12-22,203.5,,2015-12-22,122.31
2015-12-23,78.1055,,2015-12-11,97.565,,2015-12-23,102.31,,2015-12-23,114.5,,2015-12-23,206.02,,2015-12-23,121.39
2015-12-24,78.4851,,2015-12-14,97.604,,2015-12-24,103.05,,2015-12-24,114.55,,2015-12-24,205.68,,2015-12-24,121.83
2015-12-28,77.879,,2015-12-15,98.217,,2015-12-28,102.27,,2015-12-28,114.41,,2015-12-28,205.21,,2015-12-28,122.19
2015-12-29,79.0418,,2015-12-16,97.871,,2015-12-29,102.2,,2015-12-29,113.82,,2015-12-29,207.4,,2015-12-29,120.16
2015-12-30,78.0881,,2015-12-17,99.27,,2015-12-30,101.42,,2015-12-30,113.82,,2015-12-30,205.93,,2015-12-30,120.04
2015-12-31,78.5588,,2015-12-18,98.703,,2015-12-31,101.46,,2015-12-31,114.01,,2015-12-31,203.87,,2015-12-31,120.58
2016-01-04,77.9054,,2015-12-21,98.363,,2016-01-04,102.89,,2016-01-04,113.95,,2016-01-04,201.0192,,2016-01-04,121.45
2016-01-05,77.6628,,2015-12-22,98.235,,2016-01-05,103.18,,2016-01-05,114.01,,2016-01-05,201.36,,2016-01-05,120.96
2016-01-06,76.6414,,2015-12-23,98.341,,2016-01-06,104.67,,2016-01-06,114.46,,2016-01-06,198.82,,2016-01-06,122.59
2016-01-07,76.6828,,2015-12-24,97.984,,2016-01-07,106.15,,2016-01-07,114.55,,2016-01-07,194.05,,2016-01-07,122.81
2016-01-08,76.7265,,2015-12-25,97.847,,2016-01-08,105.68,,2016-01-08,114.64,,2016-01-08,191.923,,2016-01-08,123.36
2016-01-11,75.1221,,2015-12-28,97.919,,2016-01-11,104.74,,2016-01-11,114.27,,2016-01-11,192.11,,2016-01-11,122.01
2016-01-12,74.4338,,2015-12-29,98.101,,2016-01-12,104.21,,2016-01-12,114.53,,2016-01-12,193.6608,,2016-01-12,123.77
2016-01-13,74.63,,2015-12-30,98.266,,2016-01-13,104.72,,2016-01-13,114.88,,2016-01-13,188.83,,2016-01-13,124.99
2016-01-14,74.5594,,2015-12-31,98.631,,2016-01-14,103.02,,2016-01-14,114.31,,2016-01-14,191.93,,2016-01-14,123.82
2016-01-15,73.4877,,2016-01-01,98.683,,2016-01-15,104.08,,2016-01-15,114.14,,2016-01-15,187.81,,2016-01-15,125.752
2016-01-19,73.6098,,2016-01-04,98.869,,2016-01-19,103.98,,2016-01-19,113.63,,2016-01-19,188.06,,2016-01-19,125.36
2016-01-20,72.8759,,2016-01-05,99.404,,2016-01-20,105.37,,2016-01-20,113.8,,2016-01-20,185.65,,2016-01-20,126.68
2016-01-21,73.7915,,2016-01-06,99.181,,2016-01-21,105.49,,2016-01-21,113.47,,2016-01-21,186.69,,2016-01-21,125.82
2016-01-22,75.2355,,2016-01-07,98.219,,2016-01-22,105.0,,2016-01-22,113.54,,2016-01-22,190.52,,2016-01-22,125.34
2016-01-25,74.4959,,2016-01-08,98.54,,2016-01-25,106.08,,2016-01-25,113.42,,2016-01-25,187.64,,2016-01-25,126.02
2016-01-26,75.499,,2016-01-11,98.725,,2016-01-26,107.29,,2016-01-26,113.74,,2016-01-26,190.2,,2016-01-26,126.08
2016-01-27,76.1198,,2016-01-12,98.974,,2016-01-27,107.69,,2016-01-27,113.43,,2016-01-27,188.13,,2016-01-27,126.05
2016-01-28,76.1049,,2016-01-13,98.933,,2016-01-28,106.54,,2016-01-28,113.56,,2016-01-28,189.11,,2016-01-28,126.23
2016-01-29,77.2234,,2016-01-14,99.089,,2016-01-29,106.9492,,2016-01-29,114.15,,2016-01-29,193.7208,,2016-01-29,127.3
2016-02-01,75.9526,,2016-01-15,98.956,,2016-02-01,108.05,,2016-02-01,113.45,,2016-02-01,193.65,,2016-02-01,126.67
2016-02-02,74.85,,2016-01-18,98.956,,2016-02-02,108.09,,2016-02-02,113.66,,2016-02-02,190.16,,2016-02-02,129.02
2016-02-03,76.2718,,2016-01-19,98.991,,2016-02-03,109.25,,2016-02-03,113.38,,2016-02-03,191.3,,2016-02-03,127.95
2016-02-04,76.1419,,2016-01-20,99.091,,2016-02-04,110.57,,2016-02-04,113.43,,2016-02-04,191.6,,2016-02-04,128.57
2016-02-05,75.5965,,2016-01-21,99.056,,2016-02-05,112.32,,2016-02-05,113.41,,2016-02-05,187.95,,2016-02-05,128.72
2016-02-08,75.5048,,2016-01-22,99.574,,2016-02-08,113.83,,2016-02-08,114.0,,2016-02-08,185.42,,2016-02-08,131.49
2016-02-09,74.0028,,2016-01-25,99.36,,2016-02-09,113.58,,2016-02-09,113.61,,2016-02-09,185.43,,2016-02-09,131.63
2016-02-10,73.916,,2016-01-26,99.087,,2016-02-10,114.46,,2016-02-10,113.75,,2016-02-10,185.27,,2016-02-10,132.79
2016-02-11,73.9578,,2016-01-27,98.902,,2016-02-11,119.0592,,2016-02-11,114.13,,2016-02-11,182.86,,2016-02-11,133.72
2016-02-12,75.4389,,2016-01-28,98.51,,2016-02-12,118.36,,2016-02-12,113.49,,2016-02-12,186.63,,2016-02-12,131.5
2016-02-16,74.7166,,2016-01-29,99.606,,2016-02-16,114.77,,2016-02-16,112.95,,2016-02-16,189.78,,2016-02-16,130.11
2016-02-17,76.0288,,2016-02-01,99.009,,2016-02-17,115.48,,2016-02-17,112.92,,2016-02-17,192.88,,2016-02-17,129.31
2016-02-18,75.7455,,2016-02-02,98.872,,2016-02-18,118.29,,2016-02-18,113.84,,2016-02-18,192.09,,2016-02-18,130.9
2016-02-19,75.1058,,2016-02-03,97.288,,2016-02-19,117.58,,2016-02-19,113.76,,2016-02-19,192.0,,2016-02-19,131.005
2016-02-22,75.9732,,2016-02-04,96.474,,2016-02-22,115.49,,2016-02-22,113.99,,2016-02-22,194.78,,2016-02-22,130.94
2016-02-23,75.1753,,2016-02-05,97.031,,2016-02-23,117.22,,2016-02-23,114.22,,2016-02-23,192.32,,2016-02-23,131.47
2016-02-24,75.7747,,2016-02-08,96.57,,2016-02-24,117.61,,2016-02-24,114.33,,2016-02-24,193.2,,2016-02-24,131.21
2016-02-25,75.7443,,2016-02-09,96.071,,2016-02-25,117.92,,2016-02-25,114.97,,2016-02-25,195.54,,2016-02-25,131.68
2016-02-26,75.4617,,2016-02-10,95.888,,2016-02-26,117.11,,2016-02-26,114.93,,2016-02-26,195.0892,,2016-02-26,130.41
2016-02-29,75.9463,,2016-02-11,95.562,,2016-02-29,118.64,,2016-02-29,115.01,,2016-02-29,193.56,,2016-02-29,130.98
2016-03-01,76.0847,,2016-02-12,95.94,,2016-03-01,117.77,,2016-03-01,114.05,,2016-03-01,198.11,,2016-03-01,128.43
2016-03-02,76.4606,,2016-02-15,95.94,,2016-03-02,118.68,,2016-03-02,114.28,,2016-03-02,199.0,,2016-03-02,128.96
2016-03-03,76.8692,,2016-02-16,96.868,,2016-03-03,120.73,,2016-03-03,114.82,,2016-03-03,199.775,,2016-03-03,129.43
2016-03-04,78.3828,,2016-02-17,96.786,,2016-03-04,120.54,,2016-03-04,114.8,,2016-03-04,200.43,,2016-03-04,128.6
2016-03-07,79.296,,2016-02-18,96.951,,2016-03-07,121.14,,2016-03-07,114.93,,2016-03-07,200.59,,2016-03-07,128.56
2016-03-08,78.4241,,2016-02-19,96.6,,2016-03-08,120.58,,2016-03-08,115.54,,2016-03-08,198.4,,2016-03-08,129.98
2016-03-09,79.4445,,2016-02-22,97.379,,2016-03-09,119.58,,2016-03-09,115.41,,2016-03-09,199.38,,2016-03-09,129.19
2016-03-10,79.3796,,2016-02-23,97.481,,2016-03-10,121.5,,2016-03-10,115.89,,2016-03-10,199.54,,2016-03-10,128.66
2016-03-11,79.9471,,2016-02-24,97.458,,2016-03-11,119.41,,2016-03-11,116.22,,2016-03-11,202.76,,2016-03-11,127.36
2016-03-14,79.4295,,2016-02-25,97.287,,2016-03-14,117.87,,2016-03-14,116.56,,2016-03-14,202.5,,2016-03-14,127.76
2016-03-15,78.8207,,2016-02-26,98.148,,2016-03-15,117.96,,2016-03-15,116.52,,2016-03-15,202.17,,2016-03-15,127.88
2016-03-16,79.5999,,2016-02-29,98.211,,2016-03-16,120.59,,2016-03-16,117.08,,2016-03-16,203.34,,2016-03-16,128.26
2016-03-17,81.2888,,2016-03-01,98.352,,2016-03-17,120.13,,2016-03-17,117.44,,2016-03-17,204.63,,2016-03-17,128.79
2016-03-18,80.7557,,2016-03-02,98.214,,2016-03-18,119.8,,2016-03-18,117.71,,2016-03-18,204.38,,2016-03-18,129.06
2016-03-21,80.7885,,2016-03-03,97.592,,2016-03-21,118.96,,2016-03-21,117.57,,2016-03-21,204.67,,2016-03-21,128.07
2016-03-22,81.2301,,2016-03-04,97.34,,2016-03-22,119.31,,2016-03-22,117.35,,2016-03-22,204.56,,2016-03-22,128.04
2016-03-23,79.5757,,2016-03-07,97.071,,2016-03-23,116.61,,2016-03-23,117.94,,2016-03-23,203.2092,,2016-03-23,129.49
2016-03-24,79.2517,,2016-03-08,97.209,,2016-03-24,116.33,,2016-03-24,117.89,,2016-03-24,203.12,,2016-03-24,129.54
2016-03-28,79.4835,,2016-03-09,97.173,,2016-03-28,116.6,,2016-03-28,117.96,,2016-03-28,203.24,,2016-03-28,129.71
2016-03-29,79.3072,,2016-03-10,96.066,,2016-03-29,118.76,,2016-03-29,118.49,,2016-03-29,205.1208,,2016-03-29,131.07
2016-03-30,78.9293,,2016-03-11,96.172,,2016-03-30,117.1,,2016-03-30,118.35,,2016-03-30,206.02,,2016-03-30,129.69
2016-03-31,78.8272,,2016-03-14,96.624,,2016-03-31,117.64,,2016-03-31,118.82,,2016-03-31,205.52,,2016-03-31,130.61
2016-04-01,77.9417,,2016-03-15,96.633,,2016-04-01,116.93,,2016-04-01,118.87,,2016-04-01,206.92,,2016-04-01,130.68
2016-04-04,77.1817,,2016-03-16,95.89,,2016-04-04,116.15,,2016-04-04,118.88,,2016-04-04,206.25,,2016-04-04,130.76
2016-04-05,76.9725,,2016-03-17,94.76,,2016-04-05,117.66,,2016-04-05,119.26,,2016-04-05,204.1892,,2016-04-05,132.19
2016-04-06,77.6481,,2016-03-18,95.086,,2016-04-06,116.94,,2016-04-06,119.16,,2016-04-06,206.42,,2016-04-06,131.23
2016-04-07,77.4519,,2016-03-21,95.288,,2016-04-07,118.61,,2016-04-07,119.48,,2016-04-07,203.95,,2016-04-07,132.85
2016-04-08,79.0288,,2016-03-22,95.648,,2016-04-08,118.43,,2016-04-08,119.21,,2016-04-08,204.4992,,2016-04-08,132.01
2016-04-11,79.2825,,2016-03-23,96.046,,2016-04-11,120.03,,2016-04-11,119.2,,2016-04-11,204.0201,,2016-04-11,131.84
2016-04-12,80.8911,,2016-03-24,96.142,,2016-04-12,120.05,,2016-04-12,118.73,,2016-04-12,205.92,,2016-04-12,130.93
2016-04-13,81.2446,,2016-03-25,96.273,,2016-04-13,118.77,,2016-04-13,119.14,,2016-04-13,208.0008,,2016-04-13,131.39
2016-04-14,80.6462,,2016-03-28,95.943,,2016-04-14,117.11,,2016-04-14,119.06,,2016-04-14,208.01,,2016-04-14,130.76
2016-04-15,80.3927,,2016-03-29,95.16,,2016-04-15,117.92,,2016-04-15,119.56,,2016-04-15,207.78,,2016-04-15,131.88
2016-04-18,80.6782,,2016-03-30,94.841,,2016-04-18,117.74,,2016-04-18,119.69,,2016-04-18,209.2392,,2016-04-18,131.31
2016-04-19,82.6543,,2016-03-31,94.586,,2016-04-19,119.58,,2016-04-19,119.91,,2016-04-19,209.9,,2016-04-19,130.9
2016-04-20,84.1773,,2016-04-01,94.619,,2016-04-20,118.97,,2016-04-20,119.58,,2016-04-20,210.1,,2016-04-20,129.46
2016-04-21,83.588,,2016-04-04,94.51,,2016-04-21,119.42,,2016-04-21,119.53,,2016-04-21,208.97,,2016-04-21,128.69
2016-04-22,83.0537,,2016-04-05,94.631,,2016-04-22,117.89,,2016-04-22,119.66,,2016-04-22,208.97,,2016-04-22,128.36
2016-04-25,82.8806,,2016-04-06,94.43,,2016-04-25,118.23,,2016-04-25,119.38,,2016-04-25,208.61,,2016-04-25,127.83
2016-04-26,83.8387,,2016-04-07,94.482,,2016-04-26,118.7,,2016-04-26,119.33,,2016-04-26,208.9192,,2016-04-26,127.25
2016-04-27,84.309,,2016-04-08,94.235,,2016-04-27,119.04,,2016-04-27,120.09,,2016-04-27,209.35,,2016-04-27,128.52
2016-04-28,84.8377,,2016-04-11,93.95,,2016-04-28,121.29,,2016-04-28,120.2,,2016-04-28,207.4475,,2016-04-28,129.05
2016-04-29,85.5205,,2016-04-12,93.959,,2016-04-29,123.65,,2016-04-29,120.33,,2016-04-29,206.3308,,2016-04-29,129.38
2016-05-02,84.72,,2016-04-13,94.744,,2016-05-02,123.24,,2016-05-02,119.85,,2016-05-02,207.97,,2016-05-02,127.82
2016-05-03,83.5775,,2016-04-14,94.902,,2016-05-03,122.96,,2016-05-03,120.06,,2016-05-03,206.1592,,2016-05-03,129.43
2016-05-04,83.3537,,2016-04-15,94.696,,2016-05-04,122.21,,2016-05-04,119.86,,2016-05-04,205.01,,2016-05-04,130.14
2016-05-05,82.7066,,2016-04-18,94.49,,2016-05-05,122.07,,2016-05-05,120.1,,2016-05-05,204.97,,2016-05-05,131.01
2016-05-06,83.393,,2016-04-19,93.976,,2016-05-06,123.18,,2016-05-06,119.84,,2016-05-06,205.72,,2016-05-06,130.45
2016-05-09,81.7576,,2016-04-20,94.492,,2016-05-09,120.65,,2016-05-09,119.72,,2016-05-09,205.8892,,2016-05-09,130.86
2016-05-10,83.3606,,2016-04-21,94.599,,2016-05-10,120.98,,2016-05-10,119.92,,2016-05-10,208.45,,2016-05-10,130.87
2016-05-11,84.7138,,2016-04-22,95.116,,2016-05-11,122.12,,2016-05-11,120.05,,2016-05-11,206.5,,2016-05-11,131.61
2016-05-12,84.7504,,2016-04-25,94.842,,2016-05-12,121.16,,2016-05-12,119.8,,2016-05-12,206.56,,2016-05-12,131.01
2016-05-13,84.4663,,2016-04-26,94.573,,2016-05-13,121.71,,2016-05-13,120.02,,2016-05-13,204.76,,2016-05-13,132.28
2016-05-16,85.1403,,2016-04-27,94.387,,2016-05-16,121.8,,2016-05-16,119.62,,2016-05-16,206.78,,2016-05-16,131.14
2016-05-17,85.7167,,2016-04-28,93.761,,2016-05-17,122.22,,2016-05-17,119.58,,2016-05-17,204.8508,,2016-05-17,131.36
2016-05-18,85.3994,,2016-04-29,93.082,,2016-05-18,120.1,,2016-05-18,118.56,,2016-05-18,204.91,,2016-05-18,129.49
2016-05-19,84.6832,,2016-05-02,92.626,,2016-05-19,119.87,,2016-05-19,118.84,,2016-05-19,204.2,,2016-05-19,130.05
2016-05-20,84.8666,,2016-05-03,92.944,,2016-05-20,119.71,,2016-05-20,118.92,,2016-05-20,205.49,,2016-05-20,130.15
2016-05-23,84.3763,,2016-05-04,93.179,,2016-05-23,119.37,,2016-05-23,118.92,,2016-05-23,205.21,,2016-05-23,130.44
2016-05-24,84.1733,,2016-05-05,93.78,,2016-05-24,117.3,,2016-05-24,118.72,,2016-05-24,207.87,,2016-05-24,129.86
2016-05-25,85.1889,,2016-05-06,93.888,,2016-05-25,116.98,,2016-05-25,118.93,,2016-05-25,209.28,,2016-05-25,129.37
2016-05-26,85.354,,2016-05-09,94.128,,2016-05-26,116.58,,2016-05-26,119.27,,2016-05-26,209.34,,2016-05-26,130.04
2016-05-27,85.4675,,2016-05-10,94.29,,2016-05-27,115.62,,2016-05-27,119.18,,2016-05-27,210.24,,2016-05-27,129.85
2016-05-31,85.3383,,2016-05-11,93.823,,2016-05-31,116.06,,2016-05-31,119.39,,2016-05-31,209.84,,2016-05-31,130.16
2016-06-01,85.9085,,2016-05-12,94.15,,2016-06-01,115.94,,2016-06-01,119.14,,2016-06-01,210.27,,2016-06-01,130.42
2016-06-02,86.7062,,2016-05-13,94.608,,2016-06-02,115.67,,2016-06-02,119.38,,2016-06-02,210.91,,2016-06-02,131.36
2016-06-03,87.1411,,2016-05-16,94.572,,2016-06-03,118.88,,2016-06-03,120.34,,2016-06-03,210.28,,2016-06-03,133.23
2016-06-06,88.1137,,2016-05-17,94.548,,2016-06-06,118.92,,2016-06-06,120.05,,2016-06-06,211.35,,2016-06-06,132.24
2016-06-07,88.2886,,2016-05-18,95.08,,2016-06-07,118.82,,2016-06-07,120.23,,2016-06-07,211.68,,2016-06-07,132.56
2016-06-08,89.9368,,2016-05-19,95.287,,2016-06-08,120.58,,2016-06-08,120.63,,2016-06-08,212.37,,2016-06-08,133.27
2016-06-09,89.8772,,2016-05-20,95.334,,2016-06-09,121.25,,2016-06-09,120.8,,2016-06-09,212.08,,2016-06-09,134.13
2016-06-10,88.9427,,2016-05-23,95.231,,2016-06-10,121.74,,2016-06-10,120.94,,2016-06-10,210.07,,2016-06-10,134.78
2016-06-13,89.0837,,2016-05-24,95.571,,2016-06-13,122.64,,2016-06-13,120.76,,2016-06-13,208.4492,,2016-06-13,135.38
2016-06-14,88.7731,,2016-05-25,95.354,,2016-06-14,122.77,,2016-06-14,120.49,,2016-06-14,208.04,,2016-06-14,135.28
2016-06-15,88.4692,,2016-05-26,95.168,,2016-06-15,123.68,,2016-06-15,120.94,,2016-06-15,207.75,,2016-06-15,135.8
2016-06-16,87.2339,,2016-05-27,95.521,,2016-06-16,122.38,,2016-06-16,121.12,,2016-06-16,208.37,,2016-06-16,136.46
2016-06-17,88.7212,,2016-05-30,95.521,,2016-06-17,123.95,,2016-06-17,120.76,,2016-06-17,206.52,,2016-06-17,135.61
2016-06-20,89.4538,,2016-05-31,95.891,,2016-06-20,123.21,,2016-06-20,120.61,,2016-06-20,207.85,,2016-06-20,134.16
2016-06-21,88.5833,,2016-06-01,95.455,,2016-06-21,120.84,,2016-06-21,120.5,,2016-06-21,208.44,,2016-06-21,133.54
2016-06-22,88.0189,,2016-06-02,95.564,,2016-06-22,120.9,,2016-06-22,120.72,,2016-06-22,208.1,,2016-06-22,133.76
2016-06-23,88.3454,,2016-06-03,94.029,,2016-06-23,120.11,,2016-06-23,120.6,,2016-06-23,210.81,,2016-06-23,132.23
2016-06-24,86.9557,,2016-06-06,93.902,,2016-06-24,126.01,,2016-06-24,121.17,,2016-06-24,203.13,,2016-06-24,135.78
2016-06-27,86.6558,,2016-06-07,93.828,,2016-06-27,126.68,,2016-06-27,121.68,,2016-06-27,199.6,,2016-06-27,139.17
2016-06-28,88.3016,,2016-06-08,93.59,,2016-06-28,125.32,,2016-06-28,122.35,,2016-06-28,203.1997,,2016-06-28,139.46
2016-06-29,89.2984,,2016-06-09,93.953,,2016-06-29,125.84,,2016-06-29,122.31,,2016-06-29,206.66,,2016-06-29,138.39
2016-06-30,88.8423,,2016-06-10,94.571,,2016-06-30,126.47,,2016-06-30,122.735,,2016-06-30,209.475,,2016-06-30,138.9
2016-07-01,89.6788,,2016-06-13,94.362,,2016-07-01,128.41,,2016-07-01,123.05,,2016-07-01,209.9208,,2016-07-01,140.57
2016-07-05,87.4282,,2016-06-14,94.928,,2016-07-05,129.47,,2016-07-05,123.47,,2016-07-05,208.41,,2016-07-05,142.33
2016-07-06,87.5272,,2016-06-15,94.61,,2016-07-06,130.23,,2016-07-06,123.69,,2016-07-06,209.66,,2016-07-06,142.56
2016-07-07,85.5334,,2016-06-16,94.569,,2016-07-07,129.74,,2016-07-07,123.71,,2016-07-07,209.526,,2016-07-07,142.55
2016-07-08,86.4023,,2016-06-17,94.206,,2016-07-08,130.52,,2016-07-08,124.4,,2016-07-08,212.65,,2016-07-08,143.6
2016-07-11,86.0815,,2016-06-20,93.611,,2016-07-11,129.29,,2016-07-11,124.08,,2016-07-11,213.4,,2016-07-11,142.34
2016-07-12,87.4889,,2016-06-21,94.017,,2016-07-12,127.15,,2016-07-12,123.38,,2016-07-12,214.95,,2016-07-12,140.0
2016-07-13,86.9767,,2016-06-22,93.716,,2016-07-13,128.32,,2016-07-13,123.86,,2016-07-13,214.92,,2016-07-13,141.65
2016-07-14,87.1196,,2016-06-23,93.529,,2016-07-14,127.33,,2016-07-14,123.56,,2016-07-14,216.12,,2016-07-14,139.59
2016-07-15,86.6984,,2016-06-24,95.448,,2016-07-15,126.84,,2016-07-15,123.09,,2016-07-15,215.83,,2016-07-15,138.39
2016-07-18,86.5266,,2016-06-27,96.544,,2016-07-18,127.04,,2016-07-18,123.09,,2016-07-18,216.4092,,2016-07-18,138.26
2016-07-19,85.7484,,2016-06-28,96.245,,2016-07-19,127.21,,2016-07-19,123.31,,2016-07-19,216.19,,2016-07-19,139.04
2016-07-20,85.1563,,2016-06-29,95.769,,2016-07-20,125.39,,2016-07-20,123.27,,2016-07-20,217.085,,2016-07-20,138.28
2016-07-21,84.952,,2016-06-30,96.143,,2016-07-21,127.3,,2016-07-21,123.41,,2016-07-21,216.265,,2016-07-21,138.56
2016-07-22,84.6352,,2016-07-01,95.649,,2016-07-22,126.35,,2016-07-22,123.34,,2016-07-22,217.24,,2016-07-22,138.8
2016-07-25,83.9236,,2016-07-04,95.649,,2016-07-25,125.47,,2016-07-25,123.27,,2016-07-25,216.65,,2016-07-25,138.7
2016-07-26,83.7215,,2016-07-05,96.166,,2016-07-26,126.0,,2016-07-26,123.15,,2016-07-26,216.75,,2016-07-26,138.92
2016-07-27,83.127,,2016-07-06,96.053,,2016-07-27,128.03,,2016-07-27,123.66,,2016-07-27,216.52,,2016-07-27,140.65
2016-07-28,83.3984,,2016-07-07,96.328,,2016-07-28,127.66,,2016-07-28,123.54,,2016-07-28,216.77,,2016-07-28,140.39
2016-07-29,84.2809,,2016-07-08,96.302,,2016-07-29,128.98,,2016-07-29,123.99,,2016-07-29,217.12,,2016-07-29,141.56
2016-08-01,82.8974,,2016-07-11,96.571,,2016-08-01,129.22,,2016-08-01,122.97,,2016-08-01,216.94,,2016-08-01,139.77
2016-08-02,82.7299,,2016-07-12,96.441,,2016-08-02,130.27,,2016-08-02,122.28,,2016-08-02,215.5492,,2016-08-02,138.33
2016-08-03,83.5472,,2016-07-13,96.216,,2016-08-03,129.65,,2016-08-03,122.44,,2016-08-03,216.18,,2016-08-03,138.41
2016-08-04,83.9078,,2016-07-14,96.077,,2016-08-04,129.87,,2016-08-04,122.96,,2016-08-04,216.4097,,2016-08-04,139.45
2016-08-05,83.8543,,2016-07-15,96.58,,2016-08-05,127.55,,2016-08-05,122.46,,2016-08-05,218.18,,2016-08-05,138.0
2016-08-08,84.3172,,2016-07-18,96.562,,2016-08-08,127.44,,2016-08-08,122.54,,2016-08-08,218.05,,2016-08-08,138.26
2016-08-09,83.7521,,2016-07-19,97.063,,2016-08-09,127.96,,2016-08-09,123.26,,2016-08-09,218.18,,2016-08-09,139.62
2016-08-10,83.2293,,2016-07-20,97.201,,2016-08-10,128.56,,2016-08-10,123.61,,2016-08-10,217.64,,2016-08-10,140.16
2016-08-11,83.9743,,2016-07-21,97.0,,2016-08-11,127.67,,2016-08-11,123.2,,2016-08-11,218.65,,2016-08-11,138.91
2016-08-12,84.0555,,2016-07-22,97.467,,2016-08-12,127.4,,2016-08-12,123.76,,2016-08-12,218.46,,2016-08-12,140.08
2016-08-15,85.2385,,2016-07-25,97.286,,2016-08-15,127.84,,2016-08-15,123.38,,2016-08-15,219.09,,2016-08-15,138.76
2016-08-16,85.7227,,2016-07-26,97.156,,2016-08-16,128.47,,2016-08-16,123.16,,2016-08-16,217.96,,2016-08-16,138.39
2016-08-17,85.8719,,2016-07-27,97.053,,2016-08-17,128.5,,2016-08-17,123.5,,2016-08-17,218.37,,2016-08-17,139.22
2016-08-18,86.7407,,2016-07-28,96.739,,2016-08-18,129.11,,2016-08-18,123.8,,2016-08-18,218.86,,2016-08-18,139.44
2016-08-19,86.2364,,2016-07-29,95.53,,2016-08-19,127.97,,2016-08-19,123.43,,2016-08-19,218.54,,2016-08-19,138.71
2016-08-22,85.6704,,2016-08-01,95.713,,2016-08-22,127.78,,2016-08-22,123.85,,2016-08-22,218.53,,2016-08-22,139.88
2016-08-23,86.0734,,2016-08-02,95.064,,2016-08-23,127.76,,2016-08-23,123.99,,2016-08-23,218.97,,2016-08-23,140.03
2016-08-24,85.0698,,2016-08-03,95.563,,2016-08-24,126.34,,2016-08-24,123.91,,2016-08-24,217.85,,2016-08-24,139.7
2016-08-25,85.0535,,2016-08-04,95.758,,2016-08-25,126.23,,2016-08-25,123.79,,2016-08-25,217.7,,2016-08-25,139.17
2016-08-26,84.9846,,2016-08-05,96.194,,2016-08-26,126.05,,2016-08-26,123.4,,2016-08-26,217.29,,2016-08-26,138.36
2016-08-29,84.4593,,2016-08-08,96.401,,2016-08-29,126.3,,2016-08-29,124.1,,2016-08-29,218.3608,,2016-08-29,140.21
2016-08-30,83.6551,,2016-08-09,96.183,,2016-08-30,125.03,,2016-08-30,123.94,,2016-08-30,218.0,,2016-08-30,139.67
2016-08-31,82.7727,,2016-08-10,95.65,,2016-08-31,124.78,,2016-08-31,123.89,,2016-08-31,217.38,,2016-08-31,139.87
2016-09-01,82.1007,,2016-08-11,95.857,,2016-09-01,125.29,,2016-09-01,123.57,,2016-09-01,217.39,,2016-09-01,139.77
2016-09-02,82.9889,,2016-08-12,95.722,,2016-09-02,126.57,,2016-09-02,123.35,,2016-09-02,218.37,,2016-09-02,138.63
2016-09-06,83.3865,,2016-08-15,95.629,,2016-09-06,128.71,,2016-09-06,123.78,,2016-09-06,219.0308,,2016-09-06,139.64
2016-09-07,83.9304,,2016-08-16,94.791,,2016-09-07,128.27,,2016-09-07,123.61,,2016-09-07,219.01,,2016-09-07,139.54
2016-09-08,85.1478,,2016-08-17,94.718,,2016-09-08,127.59,,2016-09-08,122.74,,2016-09-08,218.51,,2016-09-08,137.79
2016-09-09,84.0242,,2016-08-18,94.157,,2016-09-09,126.75,,2016-09-09,121.82,,2016-09-09,213.28,,2016-09-09,135.52
2016-09-12,84.0834,,2016-08-19,94.511,,2016-09-12,126.59,,2016-09-12,121.83,,2016-09-12,216.34,,2016-09-12,135.59
2016-09-13,83.0196,,2016-08-22,94.519,,2016-09-13,125.75,,2016-09-13,121.43,,2016-09-13,213.23,,2016-09-13,134.05
2016-09-14,82.6722,,2016-08-23,94.539,,2016-09-14,126.18,,2016-09-14,121.51,,2016-09-14,213.15,,2016-09-14,134.25
2016-09-15,83.0829,,2016-08-24,94.786,,2016-09-15,125.37,,2016-09-15,121.59,,2016-09-15,215.28,,2016-09-15,133.67
2016-09-16,83.2357,,2016-08-25,94.772,,2016-09-16,125.06,,2016-09-16,121.73,,2016-09-16,213.37,,2016-09-16,134.75
2016-09-19,83.6063,,2016-08-26,95.566,,2016-09-19,125.32,,2016-09-19,121.69,,2016-09-19,213.41,,2016-09-19,134.31
2016-09-20,84.2876,,2016-08-29,95.58,,2016-09-20,125.44,,2016-09-20,121.85,,2016-09-20,213.42,,2016-09-20,134.78
2016-09-21,84.9081,,2016-08-30,96.054,,2016-09-21,127.27,,2016-09-21,122.47,,2016-09-21,215.82,,2016-09-21,135.87
2016-09-22,85.5084,,2016-08-31,96.022,,2016-09-22,127.57,,2016-09-22,122.97,,2016-09-22,217.18,,2016-09-22,136.95
2016-09-23,84.3221,,2016-09-01,95.653,,2016-09-23,127.65,,2016-09-23,122.88,,2016-09-23,215.99,,2016-09-23,136.82
2016-09-26,84.8615,,2016-09-02,95.844,,2016-09-26,127.55,,2016-09-26,123.07,,2016-09-26,214.24,,2016-09-26,137.69
2016-09-27,84.1435,,2016-09-05,95.844,,2016-09-27,126.62,,2016-09-27,123.37,,2016-09-27,215.57,,2016-09-27,138.7
2016-09-28,85.1424,,2016-09-06,94.823,,2016-09-28,126.22,,2016-09-28,123.45,,2016-09-28,216.64,,2016-09-28,138.4
2016-09-29,85.2238,,2016-09-07,94.956,,2016-09-29,126.07,,2016-09-29,123.4,,2016-09-29,214.68,,2016-09-29,138.75
2016-09-30,85.342,,2016-09-08,95.027,,2016-09-30,125.64,,2016-09-30,123.18,,2016-09-30,216.3,,2016-09-30,137.51
2016-10-03,85.6046,,2016-09-09,95.336,,2016-10-03,125.32,,2016-10-03,122.51,,2016-10-03,215.78,,2016-10-03,136.81
2016-10-04,85.1508,,2016-09-12,95.095,,2016-10-04,120.97,,2016-10-04,121.94,,2016-10-04,214.68,,2016-10-04,135.21
2016-10-05,85.7159,,2016-09-13,95.633,,2016-10-05,120.78,,2016-10-05,121.81,,2016-10-05,215.63,,2016-10-05,134.58
2016-10-06,85.5129,,2016-09-14,95.327,,2016-10-06,119.66,,2016-10-06,121.82,,2016-10-06,215.78,,2016-10-06,133.83
2016-10-07,85.6414,,2016-09-15,95.288,,2016-10-07,119.74,,2016-10-07,122.11,,2016-10-07,215.04,,2016-10-07,133.92
2016-10-10,86.7571,,2016-09-16,96.108,,2016-10-10,120.16,,2016-10-10,122.11,,2016-10-10,216.16,,2016-10-10,133.13
2016-10-11,86.1764,,2016-09-19,95.841,,2016-10-11,119.55,,2016-10-11,121.73,,2016-10-11,213.43,,2016-10-11,132.83
2016-10-12,85.649,,2016-09-20,96.019,,2016-10-12,119.74,,2016-10-12,121.89,,2016-10-12,213.71,,2016-10-12,132.96
2016-10-13,86.2813,,2016-09-21,95.66,,2016-10-13,120.03,,2016-10-13,122.19,,2016-10-13,213.01,,2016-10-13,133.46
2016-10-14,86.3405,,2016-09-22,95.448,,2016-10-14,119.36,,2016-10-14,121.62,,2016-10-14,213.12,,2016-10-14,131.59
2016-10-17,86.3877,,2016-09-23,95.477,,2016-10-17,119.68,,2016-10-17,122.02,,2016-10-17,212.38,,2016-10-17,132.43
2016-10-18,86.5539,,2016-09-26,95.297,,2016-10-18,120.42,,2016-10-18,122.32,,2016-10-18,213.71,,2016-10-18,132.86
2016-10-19,86.8947,,2016-09-27,95.435,,2016-10-19,121.11,,2016-10-19,122.48,,2016-10-19,214.28,,2016-10-19,132.97
2016-10-20,86.0215,,2016-09-28,95.431,,2016-10-20,120.74,,2016-10-20,122.44,,2016-10-20,213.88,,2016-10-20,133.11
2016-10-21,86.1053,,2016-09-29,95.535,,2016-10-21,120.83,,2016-10-21,122.51,,2016-10-21,213.98,,2016-10-21,133.31
2016-10-24,86.1501,,2016-09-30,95.463,,2016-10-24,120.56,,2016-10-24,122.16,,2016-10-24,214.89,,2016-10-24,132.73
2016-10-25,86.0107,,2016-10-03,95.695,,2016-10-25,121.47,,2016-10-25,122.07,,2016-10-25,214.17,,2016-10-25,133.08
2016-10-26,85.5405,,2016-10-04,96.169,,2016-10-26,120.79,,2016-10-26,121.56,,2016-10-26,213.74,,2016-10-26,132.18
2016-10-27,86.2162,,2016-10-05,96.125,,2016-10-27,121.01,,2016-10-27,121.01,,2016-10-27,213.17,,2016-10-27,130.74
2016-10-28,85.9119,,2016-10-06,96.765,,2016-10-28,121.58,,2016-10-28,120.87,,2016-10-28,212.54,,2016-10-28,130.45
2016-10-31,84.9011,,2016-10-07,96.632,,2016-10-31,121.94,,2016-10-31,120.98,,2016-10-31,212.55,,2016-10-31,131.25
2016-11-01,84.5133,,2016-10-10,96.929,,2016-11-01,122.73,,2016-11-01,120.51,,2016-11-01,211.01,,2016-11-01,131.01
2016-11-02,83.8889,,2016-10-11,97.69,,2016-11-02,123.64,,2016-11-02,120.69,,2016-11-02,209.74,,2016-11-02,131.58
2016-11-03,83.6054,,2016-10-12,97.966,,2016-11-03,124.3,,2016-11-03,120.45,,2016-11-03,208.78,,2016-11-03,130.57
2016-11-04,83.2943,,2016-10-13,97.516,,2016-11-04,124.39,,2016-11-04,120.81,,2016-11-04,208.55,,2016-11-04,131.74
2016-11-07,83.8224,,2016-10-14,98.019,,2016-11-07,122.15,,2016-11-07,120.73,,2016-11-07,213.15,,2016-11-07,130.62
2016-11-08,83.7814,,2016-10-17,97.888,,2016-11-08,121.64,,2016-11-08,120.46,,2016-11-08,214.11,,2016-11-08,130.09
2016-11-09,83.9087,,2016-10-18,97.895,,2016-11-09,121.56,,2016-11-09,118.69,,2016-11-09,216.3792,,2016-11-09,124.57
2016-11-10,83.84,,2016-10-19,97.92,,2016-11-10,119.75,,2016-11-10,118.59,,2016-11-10,216.92,,2016-11-10,122.73
2016-11-11,82.3754,,2016-10-20,98.315,,2016-11-11,117.1,,2016-11-11,118.08,,2016-11-11,216.42,,2016-11-11,122.04
2016-11-14,82.3429,,2016-10-21,98.695,,2016-11-14,116.11,,2016-11-14,117.47,,2016-11-14,216.59,,2016-11-14,121.31
2016-11-15,83.279,,2016-10-24,98.756,,2016-11-15,117.12,,2016-11-15,117.83,,2016-11-15,218.28,,2016-11-15,121.91
2016-11-16,82.7663,,2016-10-25,98.719,,2016-11-16,116.77,,2016-11-16,118.0,,2016-11-16,217.87,,2016-11-16,123.01
2016-11-17,82.7271,,2016-10-26,98.629,,2016-11-17,116.17,,2016-11-17,117.25,,2016-11-17,218.99,,2016-11-17,121.2
2016-11-18,83.022,,2016-10-27,98.888,,2016-11-18,115.15,,2016-11-18,116.59,,2016-11-18,218.5,,2016-11-18,120.85
2016-11-21,84.8851,,2016-10-28,98.348,,2016-11-21,115.58,,2016-11-21,116.71,,2016-11-21,220.15,,2016-11-21,121.15
2016-11-22,85.1386,,2016-10-31,98.445,,2016-11-22,115.54,,2016-11-22,117.01,,2016-11-22,220.58,,2016-11-22,121.11
2016-11-23,85.3577,,2016-11-01,97.699,,2016-11-23,113.25,,2016-11-23,116.58,,2016-11-23,220.7,,2016-11-23,120.64
2016-11-25,85.0319,,2016-11-02,97.398,,2016-11-25,112.61,,2016-11-25,116.59,,2016-11-25,221.52,,2016-11-25,120.82
2016-11-28,86.066,,2016-11-03,97.157,,2016-11-28,113.8,,2016-11-28,117.12,,2016-11-28,220.48,,2016-11-28,121.71
2016-11-29,84.2773,,2016-11-04,97.065,,2016-11-29,113.27,,2016-11-29,117.28,,2016-11-29,220.91,,2016-11-29,122.22
2016-11-30,86.0015,,2016-11-07,97.781,,2016-11-30,111.75,,2016-11-30,116.84,,2016-11-30,220.38,,2016-11-30,120.24
2016-12-01,86.9186,,2016-11-08,97.861,,2016-12-01,111.54,,2016-12-01,115.87,,2016-12-01,219.57,,2016-12-01,118.73
2016-12-02,87.0416,,2016-11-09,98.504,,2016-12-02,112.14,,2016-12-02,116.4,,2016-12-02,219.68,,2016-12-02,119.6
2016-12-05,88.3476,,2016-11-10,98.785,,2016-12-05,111.54,,2016-12-05,116.65,,2016-12-05,221.0,,2016-12-05,119.47
2016-12-06,88.0266,,2016-11-11,99.06,,2016-12-06,111.43,,2016-12-06,116.64,,2016-12-06,221.7,,2016-12-06,119.38
2016-12-07,87.4726,,2016-11-14,100.11,,2016-12-07,111.83,,2016-12-07,117.13,,2016-12-07,224.6,,2016-12-07,120.4
2016-12-08,87.5661,,2016-11-15,100.23,,2016-12-08,111.57,,2016-12-08,116.65,,2016-12-08,225.15,,2016-12-08,118.98
2016-12-09,88.1431,,2016-11-16,100.41,,2016-12-09,110.4,,2016-12-09,116.2,,2016-12-09,226.51,,2016-12-09,117.5
2016-12-12,88.1761,,2016-11-17,100.89,,2016-12-12,110.82,,2016-12-12,116.09,,2016-12-12,226.25,,2016-12-12,117.72
2016-12-13,87.9224,,2016-11-18,101.21,,2016-12-13,110.45,,2016-12-13,116.35,,2016-12-13,227.76,,2016-12-13,118.14
2016-12-14,87.6267,,2016-11-21,101.05,,2016-12-14,108.83,,2016-12-14,115.61,,2016-12-14,225.88,,2016-12-14,116.82
2016-12-15,86.8356,,2016-11-22,101.04,,2016-12-15,107.34,,2016-12-15,115.69,,2016-12-15,226.81,,2016-12-15,117.41
2016-12-16,87.1333,,2016-11-23,101.7,,2016-12-16,108.05,,2016-12-16,115.6,,2016-12-16,225.04,,2016-12-16,117.14
2016-12-19,86.5687,,2016-11-24,101.7,,2016-12-19,108.59,,2016-12-19,116.16,,2016-12-19,225.53,,2016-12-19,118.4
2016-12-20,86.1569,,2016-11-25,101.49,,2016-12-20,107.79,,2016-12-20,116.09,,2016-12-20,226.4,,2016-12-20,117.81
2016-12-21,86.4032,,2016-11-28,101.33,,2016-12-21,107.85,,2016-12-21,116.46,,2016-12-21,225.77,,2016-12-21,118.33
2016-12-22,86.3305,,2016-11-29,100.93,,2016-12-22,107.59,,2016-12-22,116.15,,2016-12-22,225.38,,2016-12-22,117.81
2016-12-23,86.291,,2016-11-30,101.5,,2016-12-23,107.93,,2016-12-23,116.33,,2016-12-23,225.71,,2016-12-23,118.05
2016-12-27,87.5987,,2016-12-01,101.04,,2016-12-27,108.56,,2016-12-27,116.12,,2016-12-27,226.27,,2016-12-27,117.67
2016-12-28,87.7524,,2016-12-02,100.77,,2016-12-28,108.86,,2016-12-28,116.55,,2016-12-28,224.4,,2016-12-28,118.53
2016-12-29,87.6672,,2016-12-05,100.09,,2016-12-29,110.29,,2016-12-29,117.0,,2016-12-29,224.35,,2016-12-29,118.95
2016-12-30,87.5144,,2016-12-06,100.49,,2016-12-30,109.61,,2016-12-30,117.18,,2016-12-30,223.53,,2016-12-30,119.13
2017-01-03,86.0673,,2016-12-07,100.23,,2017-01-03,110.47,,2017-01-03,117.28,,2017-01-03,225.24,,2017-01-03,119.64
2017-01-04,87.1718,,2016-12-08,101.1,,2017-01-04,110.86,,2017-01-04,117.68,,2017-01-04,226.58,,2017-01-04,120.1
2017-01-05,87.5294,,2016-12-09,101.59,,2017-01-05,112.58,,2017-01-05,118.31,,2017-01-05,226.4,,2017-01-05,121.98
2017-01-06,87.3673,,2016-12-12,101.03,,2017-01-06,111.75,,2017-01-06,117.69,,2017-01-06,227.21,,2017-01-06,120.86
2017-01-09,86.3434,,2016-12-13,101.07,,2017-01-09,112.67,,2017-01-09,117.92,,2017-01-09,226.46,,2017-01-09,121.83
2017-01-10,86.8542,,2016-12-14,101.76,,2017-01-10,113.15,,2017-01-10,117.85,,2017-01-10,226.46,,2017-01-10,121.75
2017-01-11,87.2102,,2016-12-15,103.02,,2017-01-11,113.5,,2017-01-11,118.03,,2017-01-11,227.1,,2017-01-11,122.16
2017-01-12,88.4857,,2016-12-16,102.95,,2017-01-12,113.91,,2017-01-12,118.02,,2017-01-12,226.53,,2017-01-12,121.89
2017-01-13,88.5432,,2016-12-19,103.14,,2017-01-13,114.21,,2017-01-13,117.78,,2017-01-13,227.05,,2017-01-13,121.31
2017-01-17,88.9487,,2016-12-20,103.29,,2017-01-17,115.85,,2017-01-17,118.29,,2017-01-17,226.25,,2017-01-17,122.58
2017-01-18,88.3839,,2016-12-21,103.02,,2017-01-18,114.87,,2017-01-18,117.51,,2017-01-18,226.75,,2017-01-18,121.01
2017-01-19,88.1579,,2016-12-22,103.09,,2017-01-19,114.77,,2017-01-19,117.11,,2017-01-19,225.91,,2017-01-19,120.18
2017-01-20,88.376,,2016-12-23,103.01,,2017-01-20,115.05,,2017-01-20,117.32,,2017-01-20,226.74,,2017-01-20,119.94
2017-01-23,88.5958,,2016-12-26,102.97,,2017-01-23,115.79,,2017-01-23,117.86,,2017-01-23,226.15,,2017-01-23,121.14
2017-01-24,88.7502,,2016-12-27,103.02,,2017-01-24,115.27,,2017-01-24,117.51,,2017-01-24,227.6,,2017-01-24,120.31
2017-01-25,88.3675,,2016-12-28,103.3,,2017-01-25,114.32,,2017-01-25,117.06,,2017-01-25,229.57,,2017-01-25,118.8
2017-01-26,88.2692,,2016-12-29,102.68,,2017-01-26,113.26,,2017-01-26,117.2,,2017-01-26,229.33,,2017-01-26,119.2
2017-01-27,87.977,,2016-12-30,102.21,,2017-01-27,113.49,,2017-01-27,117.34,,2017-01-27,228.97,,2017-01-27,119.63
2017-01-30,87.0293,,2017-01-02,102.78,,2017-01-30,113.97,,2017-01-30,117.14,,2017-01-30,227.55,,2017-01-30,119.27
2017-01-31,87.5922,,2017-01-03,103.21,,2017-01-31,115.55,,2017-01-31,117.35,,2017-01-31,227.53,,2017-01-31,120.1
2017-02-01,88.5422,,2017-01-04,102.7,,2017-02-01,115.2,,2017-02-01,116.89,,2017-02-01,227.62,,2017-02-01,119.1
2017-02-02,88.3999,,2017-01-05,101.52,,2017-02-02,115.84,,2017-02-02,116.92,,2017-02-02,227.77,,2017-02-02,119.05
2017-02-03,87.9428,,2017-01-06,102.22,,2017-02-03,116.13,,2017-02-03,117.05,,2017-02-03,229.34,,2017-02-03,119.0
2017-02-06,87.83,,2017-01-09,101.93,,2017-02-06,117.7,,2017-02-06,117.42,,2017-02-06,228.93,,2017-02-06,119.72
2017-02-07,87.8624,,2017-01-10,102.01,,2017-02-07,117.46,,2017-02-07,117.62,,2017-02-07,228.94,,2017-02-07,120.6
2017-02-08,88.4178,,2017-01-11,101.78,,2017-02-08,118.19,,2017-02-08,118.03,,2017-02-08,229.24,,2017-02-08,122.24
2017-02-09,88.5273,,2017-01-12,101.35,,2017-02-09,117.29,,2017-02-09,117.56,,2017-02-09,230.6,,2017-02-09,120.83
2017-02-10,89.3574,,2017-01-13,101.18,,2017-02-10,117.6,,2017-02-10,117.53,,2017-02-10,231.51,,2017-02-10,120.76
2017-02-13,88.6376,,2017-01-16,101.18,,2017-02-13,116.8,,2017-02-13,117.48,,2017-02-13,232.77,,2017-02-13,120.38
2017-02-14,88.6259,,2017-01-17,100.33,,2017-02-14,116.93,,2017-02-14,117.2,,2017-02-14,233.7,,2017-02-14,119.51
2017-02-15,89.0138,,2017-01-18,100.93,,2017-02-15,117.45,,2017-02-15,117.11,,2017-02-15,234.92,,2017-02-15,118.96
2017-02-16,88.4806,,2017-01-19,101.15,,2017-02-16,118.08,,2017-02-16,117.44,,2017-02-16,234.72,,2017-02-16,119.61
2017-02-17,88.1104,,2017-01-20,100.74,,2017-02-17,117.68,,2017-02-17,117.74,,2017-02-17,235.09,,2017-02-17,120.32
2017-02-21,87.8646,,2017-01-23,100.16,,2017-02-21,117.75,,2017-02-21,117.79,,2017-02-21,236.49,,2017-02-21,120.11
2017-02-22,87.5519,,2017-01-24,100.35,,2017-02-22,117.91,,2017-02-22,117.88,,2017-02-22,236.28,,2017-02-22,120.31
2017-02-23,87.3723,,2017-01-25,100.03,,2017-02-23,118.94,,2017-02-23,118.18,,2017-02-23,236.44,,2017-02-23,120.67
2017-02-24,87.4836,,2017-01-26,100.38,,2017-02-24,119.7,,2017-02-24,118.78,,2017-02-24,236.74,,2017-02-24,122.01
2017-02-27,87.0995,,2017-01-27,100.53,,2017-02-27,119.12,,2017-02-27,118.5,,2017-02-27,237.11,,2017-02-27,121.29
2017-02-28,87.7388,,2017-01-30,100.43,,2017-02-28,119.23,,2017-02-28,118.58,,2017-02-28,236.47,,2017-02-28,121.74
2017-03-01,88.324,,2017-01-31,99.512,,2017-03-01,119.06,,2017-03-01,117.56,,2017-03-01,239.78,,2017-03-01,119.47
2017-03-02,86.9865,,2017-02-01,99.641,,2017-03-02,117.58,,2017-03-02,117.38,,2017-03-02,238.27,,2017-03-02,119.04
2017-03-03,87.1899,,2017-02-02,99.79,,2017-03-03,117.51,,2017-03-03,117.5,,2017-03-03,238.42,,2017-03-03,119.35
2017-03-06,87.1109,,2017-02-03,99.868,,2017-03-06,116.72,,2017-03-06,117.29,,2017-03-06,237.71,,2017-03-06,118.78
2017-03-07,86.3515,,2017-02-06,99.907,,2017-03-07,115.78,,2017-03-07,116.71,,2017-03-07,237.0,,2017-03-07,118.42
2017-03-08,85.2905,,2017-02-07,100.26,,2017-03-08,115.06,,2017-03-08,116.35,,2017-03-08,236.56,,2017-03-08,117.78
2017-03-09,84.5785,,2017-02-08,100.28,,2017-03-09,114.47,,2017-03-09,115.72,,2017-03-09,236.86,,2017-03-09,116.84
2017-03-10,84.2675,,2017-02-09,100.65,,2017-03-10,114.72,,2017-03-10,116.01,,2017-03-10,237.69,,2017-03-10,117.25
2017-03-13,84.3691,,2017-02-10,100.8,,2017-03-13,114.74,,2017-03-13,115.62,,2017-03-13,237.81,,2017-03-13,116.51
2017-03-14,83.9026,,2017-02-13,100.96,,2017-03-14,114.12,,2017-03-14,115.72,,2017-03-14,236.9,,2017-03-14,117.07
2017-03-15,84.5137,,2017-02-14,101.25,,2017-03-15,116.25,,2017-03-15,116.72,,2017-03-15,238.95,,2017-03-15,118.5
2017-03-16,84.8731,,2017-02-15,101.18,,2017-03-16,116.73,,2017-03-16,116.55,,2017-03-16,238.48,,2017-03-16,117.9
2017-03-17,85.1449,,2017-02-16,100.44,,2017-03-17,116.99,,2017-03-17,116.82,,2017-03-17,237.03,,2017-03-17,118.64
2017-03-20,85.1073,,2017-02-17,100.95,,2017-03-20,117.5645,,2017-03-20,117.1044,,2017-03-20,236.77,,2017-03-20,119.15
2017-03-21,84.9241,,2017-02-20,100.95,,2017-03-21,118.54,,2017-03-21,117.38,,2017-03-21,233.73,,2017-03-21,120.14
2017-03-22,84.6604,,2017-02-21,101.37,,2017-03-22,118.83,,2017-03-22,117.68,,2017-03-22,234.28,,2017-03-22,120.62
2017-03-23,84.5893,,2017-02-22,101.22,,2017-03-23,118.67,,2017-03-23,117.6,,2017-03-23,234.03,,2017-03-23,120.45
2017-03-24,84.5258,,2017-02-23,101.05,,2017-03-24,118.86,,2017-03-24,117.72,,2017-03-24,233.86,,2017-03-24,120.88
2017-03-27,84.3323,,2017-02-24,101.09,,2017-03-27,119.53,,2017-03-27,117.97,,2017-03-27,233.62,,2017-03-27,121.43
2017-03-28,84.9059,,2017-02-27,101.13,,2017-03-28,119.04,,2017-03-28,117.72,,2017-03-28,235.32,,2017-03-28,120.62
2017-03-29,85.4023,,2017-02-28,101.12,,2017-03-29,119.33,,2017-03-29,118.1,,2017-03-29,235.54,,2017-03-29,121.34
2017-03-30,85.3488,,2017-03-01,101.78,,2017-03-30,118.47,,2017-03-30,117.79,,2017-03-30,236.29,,2017-03-30,120.36
2017-03-31,85.3508,,2017-03-02,102.2,,2017-03-31,118.72,,2017-03-31,117.91,,2017-03-31,235.74,,2017-03-31,120.71
2017-04-03,84.7405,,2017-03-03,101.54,,2017-04-03,119.35,,2017-04-03,118.12,,2017-04-03,235.33,,2017-04-03,121.67
2017-04-04,85.2934,,2017-03-06,101.64,,2017-04-04,119.62,,2017-04-04,117.81,,2017-04-04,235.48,,2017-04-04,121.01
2017-04-05,85.6223,,2017-03-07,101.81,,2017-04-05,119.62,,2017-04-05,117.96,,2017-04-05,234.78,,2017-04-05,121.38
2017-04-06,85.7491,,2017-03-08,102.07,,2017-04-06,119.18,,2017-04-06,118.07,,2017-04-06,235.44,,2017-04-06,121.2
2017-04-07,85.8354,,2017-03-09,101.85,,2017-04-07,119.46,,2017-04-07,117.78,,2017-04-07,235.2,,2017-04-07,120.71
2017-04-10,85.9032,,2017-03-10,101.25,,2017-04-10,119.46,,2017-04-10,118.0,,2017-04-10,235.34,,2017-04-10,121.27
2017-04-11,86.0014,,2017-03-13,101.31,,2017-04-11,121.19,,2017-04-11,118.55,,2017-04-11,235.06,,2017-04-11,122.42
2017-04-12,85.8823,,2017-03-14,101.7,,2017-04-12,122.02,,2017-04-12,118.94,,2017-04-12,234.03,,2017-04-12,123.09
2017-04-13,86.2988,,2017-03-15,100.74,,2017-04-13,122.6,,2017-04-13,119.14,,2017-04-13,232.51,,2017-04-13,123.47
2017-04-17,86.0495,,2017-03-16,100.36,,2017-04-17,122.24,,2017-04-17,118.91,,2017-04-17,234.57,,2017-04-17,123.09
2017-04-18,85.3535,,2017-03-17,100.3,,2017-04-18,122.82,,2017-04-18,119.61,,2017-04-18,233.87,,2017-04-18,124.7
2017-04-19,84.635,,2017-03-20,100.41,,2017-04-19,121.73,,2017-04-19,119.25,,2017-04-19,233.44,,2017-04-19,124.02
2017-04-20,84.4451,,2017-03-21,99.813,,2017-04-20,121.96,,2017-04-20,119.08,,2017-04-20,235.34,,2017-04-20,123.54
2017-04-21,83.9044,,2017-03-22,99.677,,2017-04-21,122.31,,2017-04-21,119.08,,2017-04-21,234.59,,2017-04-21,123.54
2017-04-24,83.7173,,2017-03-23,99.76,,2017-04-24,121.48,,2017-04-24,118.92,,2017-04-24,237.17,,2017-04-24,122.93
2017-04-25,84.0281,,2017-03-24,99.627,,2017-04-25,120.25,,2017-04-25,118.45,,2017-04-25,238.55,,2017-04-25,121.45
2017-04-26,83.8908,,2017-03-27,99.166,,2017-04-26,120.84,,2017-04-26,118.74,,2017-04-26,238.4,,2017-04-26,122.12
2017-04-27,83.617,,2017-03-28,99.712,,2017-04-27,120.39,,2017-04-27,118.85,,2017-04-27,238.6,,2017-04-27,122.08
2017-04-28,84.0128,,2017-03-29,99.998,,2017-04-28,120.77,,2017-04-28,118.99,,2017-04-28,238.08,,2017-04-28,122.35
2017-05-01,84.2066,,2017-03-30,100.41,,2017-05-01,119.67,,2017-05-01,118.3,,2017-05-01,238.68,,2017-05-01,121.08
2017-05-02,83.85,,2017-03-31,100.35,,2017-05-02,119.65,,2017-05-02,118.65,,2017-05-02,238.77,,2017-05-02,121.7
2017-05-03,83.7349,,2017-04-03,100.54,,2017-05-03,117.98,,2017-05-03,118.59,,2017-05-03,238.48,,2017-05-03,121.78
2017-05-04,82.2104,,2017-04-04,100.54,,2017-05-04,116.79,,2017-05-04,118.36,,2017-05-04,238.76,,2017-05-04,121.18
2017-05-05,82.6787,,2017-04-05,100.56,,2017-05-05,117.01,,2017-05-05,118.4,,2017-05-05,239.7,,2017-05-05,121.29
2017-05-08,82.2704,,2017-04-06,100.67,,2017-05-08,116.75,,2017-05-08,118.19,,2017-05-08,239.66,,2017-05-08,120.63
2017-05-09,82.0331,,2017-04-07,101.18,,2017-05-09,116.05,,2017-05-09,118.21,,2017-05-09,239.44,,2017-05-09,120.62
2017-05-10,82.7642,,2017-04-10,101.02,,2017-05-10,116.04,,2017-05-10,118.37,,2017-05-10,239.87,,2017-05-10,120.48
2017-05-11,83.1253,,2017-04-11,100.71,,2017-05-11,116.5,,2017-05-11,118.43,,2017-05-11,239.38,,2017-05-11,120.48
2017-05-12,83.4839,,2017-04-12,100.78,,2017-05-12,116.83,,2017-05-12,119.03,,2017-05-12,238.98,,2017-05-12,121.39
2017-05-15,83.5781,,2017-04-13,100.49,,2017-05-15,117.14,,2017-05-15,119.02,,2017-05-15,240.3,,2017-05-15,121.06
2017-05-16,83.4973,,2017-04-14,100.51,,2017-05-16,117.65,,2017-05-16,119.19,,2017-05-16,240.08,,2017-05-16,121.51
2017-05-17,83.9752,,2017-04-17,100.29,,2017-05-17,119.79,,2017-05-17,119.92,,2017-05-17,235.82,,2017-05-17,123.28
2017-05-18,83.4204,,2017-04-18,99.499,,2017-05-18,118.81,,2017-05-18,119.9,,2017-05-18,236.77,,2017-05-18,123.42
2017-05-19,84.7155,,2017-04-19,99.738,,2017-05-19,119.4,,2017-05-19,119.97,,2017-05-19,238.31,,2017-05-19,123.71
2017-05-22,85.259,,2017-04-20,99.778,,2017-05-22,119.9,,2017-05-22,119.87,,2017-05-22,239.52,,2017-05-22,123.37
2017-05-23,84.7047,,2017-04-21,99.977,,2017-05-23,119.14,,2017-05-23,119.5,,2017-05-23,240.05,,2017-05-23,122.54
2017-05-24,84.4665,,2017-04-24,99.092,,2017-05-24,119.61,,2017-05-24,119.69,,2017-05-24,240.61,,2017-05-24,123.23
2017-05-25,83.7059,,2017-04-25,98.785,,2017-05-25,119.48,,2017-05-25,119.74,,2017-05-25,241.76,,2017-05-25,123.27
2017-05-26,84.0062,,2017-04-26,99.045,,2017-05-26,120.54,,2017-05-26,119.83,,2017-05-26,241.71,,2017-05-26,123.48
2017-05-30,83.2049,,2017-04-27,99.076,,2017-05-30,120.14,,2017-05-30,120.11,,2017-05-30,241.5,,2017-05-30,124.09
2017-05-31,82.8292,,2017-04-28,99.05,,2017-05-31,120.62,,2017-05-31,120.25,,2017-05-31,241.44,,2017-05-31,124.4
2017-06-01,82.4643,,2017-05-01,99.077,,2017-06-01,120.72,,2017-06-01,119.96,,2017-06-01,243.36,,2017-06-01,124.15
2017-06-02,82.3265,,2017-05-02,98.976,,2017-06-02,121.61,,2017-06-02,120.52,,2017-06-02,244.17,,2017-06-02,125.62
2017-06-05,82.0008,,2017-05-03,99.209,,2017-06-05,121.73,,2017-06-05,120.18,,2017-06-05,243.99,,2017-06-05,124.84
2017-06-06,82.478,,2017-05-04,98.797,,2017-06-06,123.1,,2017-06-06,120.53,,2017-06-06,243.21,,2017-06-06,125.52
2017-06-07,81.9603,,2017-05-05,98.648,,2017-06-07,122.45,,2017-06-07,120.38,,2017-06-07,243.66,,2017-06-07,124.92
2017-06-08,82.176,,2017-05-08,99.06,,2017-06-08,121.65,,2017-06-08,120.17,,2017-06-08,243.78,,2017-06-08,124.59
2017-06-09,82.4213,,2017-05-09,99.658,,2017-06-09,120.54,,2017-06-09,120.05,,2017-06-09,243.41,,2017-06-09,124.4
2017-06-12,81.5908,,2017-05-10,99.669,,2017-06-12,120.36,,2017-06-12,120.08,,2017-06-12,243.36,,2017-06-12,124.36
2017-06-13,81.6144,,2017-05-11,99.623,,2017-06-13,120.48,,2017-06-13,120.21,,2017-06-13,244.55,,2017-06-13,124.38
2017-06-14,80.8905,,2017-05-12,99.252,,2017-06-14,119.82,,2017-06-14,121.03,,2017-06-14,244.24,,2017-06-14,126.3
2017-06-15,80.9162,,2017-05-15,98.911,,2017-06-15,119.32,,2017-06-15,120.74,,2017-06-15,243.77,,2017-06-15,126.1
2017-06-16,81.2691,,2017-05-16,98.105,,2017-06-16,119.34,,2017-06-16,120.84,,2017-06-16,242.64,,2017-06-16,126.35
2017-06-19,80.7188,,2017-05-17,97.575,,2017-06-19,118.43,,2017-06-19,120.69,,2017-06-19,244.66,,2017-06-19,126.17
2017-06-20,80.1295,,2017-05-18,97.879,,2017-06-20,118.18,,2017-06-20,120.96,,2017-06-20,243.01,,2017-06-20,127.3
2017-06-21,79.6311,,2017-05-19,97.142,,2017-06-21,118.52,,2017-06-21,121.02,,2017-06-21,242.95,,2017-06-21,127.56
2017-06-22,79.3575,,2017-05-22,96.984,,2017-06-22,118.92,,2017-06-22,121.12,,2017-06-22,242.84,,2017-06-22,127.84
2017-06-23,79.6382,,2017-05-23,97.351,,2017-06-23,119.43,,2017-06-23,121.18,,2017-06-23,243.13,,2017-06-23,127.78
2017-06-26,79.8687,,2017-05-24,97.238,,2017-06-26,118.36,,2017-06-26,121.4,,2017-06-26,243.29,,2017-06-26,128.26
2017-06-27,80.418,,2017-05-25,97.248,,2017-06-27,118.81,,2017-06-27,120.85,,2017-06-27,241.33,,2017-06-27,126.89
2017-06-28,80.84,,2017-05-26,97.442,,2017-06-28,118.9,,2017-06-28,120.98,,2017-06-28,243.49,,2017-06-28,126.47
2017-06-29,81.3297,,2017-05-29,97.442,,2017-06-29,118.32,,2017-06-29,120.61,,2017-06-29,241.35,,2017-06-29,125.41
2017-06-30,82.6017,,2017-05-30,97.28,,2017-06-30,118.02,,2017-06-30,120.51,,2017-06-30,241.8,,2017-06-30,125.12
2017-07-03,83.1053,,2017-05-31,96.922,,2017-07-03,116.09,,2017-07-03,119.93,,2017-07-03,242.21,,2017-07-03,124.46
2017-07-05,82.3172,,2017-06-01,97.198,,2017-07-05,116.52,,2017-07-05,120.13,,2017-07-05,242.77,,2017-07-05,124.49
2017-07-06,82.4177,,2017-06-02,96.715,,2017-07-06,116.47,,2017-07-06,119.82,,2017-07-06,240.55,,2017-07-06,123.46
2017-07-07,81.8048,,2017-06-05,96.799,,2017-07-07,115.28,,2017-07-07,119.72,,2017-07-07,242.11,,2017-07-07,122.72
2017-07-10,82.3597,,2017-06-06,96.636,,2017-07-10,115.47,,2017-07-10,119.92,,2017-07-10,242.37,,2017-07-10,122.9
2017-07-11,83.0187,,2017-06-07,96.748,,2017-07-11,115.62,,2017-07-11,119.97,,2017-07-11,242.19,,2017-07-11,123.11
2017-07-12,82.65,,2017-06-08,96.918,,2017-07-12,116.03,,2017-07-12,120.5,,2017-07-12,244.01,,2017-07-12,123.96
2017-07-13,81.9205,,2017-06-09,97.274,,2017-07-13,115.82,,2017-07-13,120.29,,2017-07-13,244.42,,2017-07-13,123.18
2017-07-14,82.7031,,2017-06-12,97.138,,2017-07-14,116.77,,2017-07-14,120.57,,2017-07-14,245.56,,2017-07-14,123.33
2017-07-17,82.69,,2017-06-13,96.975,,2017-07-17,117.29,,2017-07-17,120.68,,2017-07-17,245.53,,2017-07-17,123.67
2017-07-18,83.1462,,2017-06-14,96.939,,2017-07-18,118.11,,2017-07-18,121.2,,2017-07-18,245.66,,2017-07-18,124.75
2017-07-19,83.6316,,2017-06-15,97.433,,2017-07-19,118.08,,2017-07-19,121.16,,2017-07-19,246.99,,2017-07-19,124.8
2017-07-20,83.6887,,2017-06-16,97.164,,2017-07-20,118.24,,2017-07-20,121.27,,2017-07-20,247.1,,2017-07-20,125.16
2017-07-21,82.988,,2017-06-19,97.548,,2017-07-21,119.26,,2017-07-21,121.55,,2017-07-21,246.88,,2017-07-21,125.69
2017-07-24,82.6455,,2017-06-20,97.76,,2017-07-24,119.31,,2017-07-24,121.41,,2017-07-24,246.82,,2017-07-24,125.2
2017-07-25,83.1124,,2017-06-21,97.559,,2017-07-25,118.92,,2017-07-25,120.69,,2017-07-25,247.42,,2017-07-25,123.57
2017-07-26,83.6852,,2017-06-22,97.593,,2017-07-26,119.88,,2017-07-26,121.09,,2017-07-26,247.43,,2017-07-26,123.77
2017-07-27,84.2293,,2017-06-23,97.264,,2017-07-27,119.79,,2017-07-27,120.79,,2017-07-27,247.2,,2017-07-27,123.16
2017-07-28,84.4799,,2017-06-26,97.426,,2017-07-28,120.69,,2017-07-28,121.11,,2017-07-28,246.91,,2017-07-28,123.89
2017-07-31,84.3915,,2017-06-27,96.394,,2017-07-31,120.75,,2017-07-31,121.11,,2017-07-31,246.77,,2017-07-31,124.04
2017-08-01,83.5325,,2017-06-28,96.01,,2017-08-01,120.65,,2017-08-01,121.23,,2017-08-01,247.32,,2017-08-01,124.64
2017-08-02,83.926,,2017-06-29,95.628,,2017-08-02,120.4,,2017-08-02,121.04,,2017-08-02,247.44,,2017-08-02,124.71
2017-08-03,83.3343,,2017-06-30,95.628,,2017-08-03,120.59,,2017-08-03,121.21,,2017-08-03,246.96,,2017-08-03,126.0
2017-08-04,83.2769,,2017-07-03,96.218,,2017-08-04,119.65,,2017-08-04,120.74,,2017-08-04,247.41,,2017-08-04,124.93
2017-08-07,83.716,,2017-07-04,96.218,,2017-08-07,119.51,,2017-08-07,120.77,,2017-08-07,247.87,,2017-08-07,125.07
2017-08-08,83.9424,,2017-07-05,96.29,,2017-08-08,119.86,,2017-08-08,120.19,,2017-08-08,247.26,,2017-08-08,124.62
2017-08-09,84.415,,2017-07-06,95.802,,2017-08-09,121.31,,2017-08-09,120.31,,2017-08-09,247.25,,2017-08-09,125.3
2017-08-10,83.5388,,2017-07-07,96.008,,2017-08-10,122.21,,2017-08-10,120.27,,2017-08-10,243.76,,2017-08-10,126.37
2017-08-11,83.6958,,2017-07-10,96.022,,2017-08-11,122.79,,2017-08-11,120.49,,2017-08-11,244.12,,2017-08-11,126.43
2017-08-14,83.1124,,2017-07-11,95.669,,2017-08-14,121.92,,2017-08-14,120.41,,2017-08-14,246.54,,2017-08-14,125.78
2017-08-15,82.5202,,2017-07-12,95.761,,2017-08-15,120.98,,2017-08-15,120.27,,2017-08-15,246.51,,2017-08-15,125.25
2017-08-16,82.5834,,2017-07-13,95.728,,2017-08-16,121.87,,2017-08-16,120.61,,2017-08-16,246.94,,2017-08-16,125.71
2017-08-17,82.6799,,2017-07-14,95.153,,2017-08-17,122.49,,2017-08-17,120.73,,2017-08-17,243.09,,2017-08-17,126.65
2017-08-18,83.231,,2017-07-17,95.128,,2017-08-18,122.3,,2017-08-18,120.65,,2017-08-18,242.71,,2017-08-18,126.62
2017-08-21,83.0355,,2017-07-18,94.604,,2017-08-21,122.76,,2017-08-21,120.82,,2017-08-21,242.9,,2017-08-21,126.93
2017-08-22,82.9827,,2017-07-19,94.779,,2017-08-22,122.21,,2017-08-22,120.7,,2017-08-22,245.44,,2017-08-22,126.44
2017-08-23,83.2723,,2017-07-20,94.306,,2017-08-23,122.67,,2017-08-23,121.16,,2017-08-23,244.56,,2017-08-23,127.3
2017-08-24,83.5111,,2017-07-21,93.858,,2017-08-24,122.29,,2017-08-24,120.93,,2017-08-24,243.99,,2017-08-24,126.83
2017-08-25,83.2926,,2017-07-24,93.977,,2017-08-25,122.74,,2017-08-25,121.21,,2017-08-25,244.56,,2017-08-25,127.32
2017-08-28,83.4221,,2017-07-25,94.054,,2017-08-28,124.69,,2017-08-28,121.21,,2017-08-28,244.57,,2017-08-28,127.24
2017-08-29,83.5025,,2017-07-26,93.672,,2017-08-29,124.42,,2017-08-29,121.3,,2017-08-29,244.85,,2017-08-29,127.65
2017-08-30,83.0726,,2017-07-27,93.864,,2017-08-30,124.36,,2017-08-30,121.4,,2017-08-30,246.01,,2017-08-30,127.61
2017-08-31,84.6565,,2017-07-28,93.259,,2017-08-31,125.82,,2017-08-31,121.61,,2017-08-31,247.49,,2017-08-31,127.99
2017-09-01,84.9775,,2017-07-31,92.863,,2017-09-01,126.06,,2017-09-01,120.81,,2017-09-01,247.84,,2017-09-01,126.75
2017-09-05,85.3689,,2017-08-01,93.043,,2017-09-05,127.46,,2017-09-05,121.56,,2017-09-05,246.06,,2017-09-05,128.76
2017-09-06,85.7239,,2017-08-02,92.836,,2017-09-06,126.81,,2017-09-06,121.13,,2017-09-06,246.9,,2017-09-06,127.97
2017-09-07,85.662,,2017-08-03,92.839,,2017-09-07,128.13,,2017-09-07,121.6,,2017-09-07,246.87,,2017-09-07,129.28
2017-09-08,84.7622,,2017-08-04,93.542,,2017-09-08,127.97,,2017-09-08,121.24,,2017-09-08,246.58,,2017-09-08,129.0
2017-09-11,84.8861,,2017-08-07,93.432,,2017-09-11,126.19,,2017-09-11,120.87,,2017-09-11,249.21,,2017-09-11,127.46
2017-09-12,84.797,,2017-08-08,93.647,,2017-09-12,126.56,,2017-09-12,120.74,,2017-09-12,250.05,,2017-09-12,126.79
2017-09-13,84.9646,,2017-08-09,93.548,,2017-09-13,125.61,,2017-09-13,120.62,,2017-09-13,250.17,,2017-09-13,126.29
2017-09-14,85.0966,,2017-08-10,93.401,,2017-09-14,126.16,,2017-09-14,120.92,,2017-09-14,250.09,,2017-09-14,126.81
2017-09-15,85.1949,,2017-08-11,93.069,,2017-09-15,125.53,,2017-09-15,121.02,,2017-09-15,249.19,,2017-09-15,126.86
2017-09-18,85.0828,,2017-08-14,93.411,,2017-09-18,124.36,,2017-09-18,120.9,,2017-09-18,249.72,,2017-09-18,126.13
2017-09-19,84.842,,2017-08-15,93.853,,2017-09-19,124.62,,2017-09-19,120.97,,2017-09-19,249.97,,2017-09-19,125.82
2017-09-20,85.5913,,2017-08-16,93.541,,2017-09-20,123.62,,2017-09-20,120.82,,2017-09-20,250.06,,2017-09-20,125.91
2017-09-21,84.7825,,2017-08-17,93.622,,2017-09-21,122.68,,2017-09-21,120.82,,2017-09-21,249.39,,2017-09-21,125.84
2017-09-22,84.8572,,2017-08-18,93.434,,2017-09-22,123.24,,2017-09-22,120.98,,2017-09-22,249.44,,2017-09-22,126.2
2017-09-25,85.3276,,2017-08-21,93.095,,2017-09-25,124.53,,2017-09-25,121.43,,2017-09-25,248.93,,2017-09-25,126.99
2017-09-26,84.7846,,2017-08-22,93.545,,2017-09-26,123.14,,2017-09-26,121.41,,2017-09-26,249.08,,2017-09-26,126.76
2017-09-27,84.8375,,2017-08-23,93.147,,2017-09-27,121.98,,2017-09-27,120.94,,2017-09-27,250.05,,2017-09-27,124.85
2017-09-28,84.6352,,2017-08-24,93.277,,2017-09-28,122.21,,2017-09-28,121.12,,2017-09-28,250.35,,2017-09-28,124.48
2017-09-29,84.4599,,2017-08-25,92.74,,2017-09-29,121.58,,2017-09-29,121.23,,2017-09-29,251.23,,2017-09-29,124.76
2017-10-02,83.7066,,2017-08-28,92.207,,2017-10-02,120.77,,2017-10-02,121.02,,2017-10-02,252.32,,2017-10-02,124.28
2017-10-03,83.739,,2017-08-29,92.249,,2017-10-03,120.83,,2017-10-03,121.29,,2017-10-03,252.86,,2017-10-03,124.4
2017-10-04,83.9563,,2017-08-30,92.884,,2017-10-04,121.17,,2017-10-04,121.22,,2017-10-04,253.16,,2017-10-04,124.41
2017-10-05,84.5847,,2017-08-31,92.668,,2017-10-05,120.52,,2017-10-05,121.05,,2017-10-05,254.66,,2017-10-05,123.94
2017-10-06,83.9256,,2017-09-01,92.814,,2017-10-06,121.09,,2017-10-06,120.95,,2017-10-06,254.37,,2017-10-06,123.59
2017-10-09,84.0669,,2017-09-04,92.635,,2017-10-09,122.08,,2017-10-09,121.05,,2017-10-09,253.95,,2017-10-09,123.98
2017-10-10,84.8206,,2017-09-05,92.252,,2017-10-10,122.4,,2017-10-10,121.13,,2017-10-10,254.62,,2017-10-10,124.18
2017-10-11,84.7701,,2017-09-06,92.29,,2017-10-11,122.79,,2017-10-11,121.07,,2017-10-11,255.02,,2017-10-11,124.42
2017-10-12,85.1301,,2017-09-07,91.663,,2017-10-12,122.89,,2017-10-12,121.1,,2017-10-12,254.64,,2017-10-12,124.95
2017-10-13,85.8947,,2017-09-08,91.352,,2017-10-13,123.82,,2017-10-13,121.58,,2017-10-13,254.95,,2017-10-13,125.85
2017-10-16,85.9946,,2017-09-11,91.875,,2017-10-16,122.97,,2017-10-16,121.41,,2017-10-16,255.29,,2017-10-16,125.76
2017-10-17,85.4857,,2017-09-12,91.882,,2017-10-17,122.13,,2017-10-17,121.39,,2017-10-17,255.47,,2017-10-17,125.92
2017-10-18,85.3089,,2017-09-13,92.52,,2017-10-18,121.67,,2017-10-18,121.21,,2017-10-18,255.72,,2017-10-18,125.09
2017-10-19,85.3931,,2017-09-14,92.124,,2017-10-19,122.39,,2017-10-19,121.39,,2017-10-19,255.79,,2017-10-19,125.31
2017-10-20,85.2688,,2017-09-15,91.872,,2017-10-20,121.61,,2017-10-20,121.06,,2017-10-20,257.11,,2017-10-20,123.98
2017-10-23,85.6115,,2017-09-18,92.047,,2017-10-23,121.8,,2017-10-23,121.18,,2017-10-23,256.11,,2017-10-23,124.2
2017-10-24,86.0405,,2017-09-19,91.793,,2017-10-24,121.33,,2017-10-24,120.88,,2017-10-24,256.56,,2017-10-24,123.43
2017-10-25,85.891,,2017-09-20,92.508,,2017-10-25,121.35,,2017-10-25,120.56,,2017-10-25,255.29,,2017-10-25,122.84
2017-10-26,85.9153,,2017-09-21,92.259,,2017-10-26,120.33,,2017-10-26,120.55,,2017-10-26,255.62,,2017-10-26,122.43
2017-10-27,85.8652,,2017-09-22,92.171,,2017-10-27,120.9,,2017-10-27,120.91,,2017-10-27,257.71,,2017-10-27,123.24
2017-10-30,86.1478,,2017-09-25,92.648,,2017-10-30,121.13,,2017-10-30,121.31,,2017-10-30,256.75,,2017-10-30,124.42
2017-10-31,86.1882,,2017-09-26,92.966,,2017-10-31,120.67,,2017-10-31,121.14,,2017-10-31,257.15,,2017-10-31,124.46
2017-11-01,86.5381,,2017-09-27,93.361,,2017-11-01,121.11,,2017-11-01,121.01,,2017-11-01,257.49,,2017-11-01,124.75
2017-11-02,86.6923,,2017-09-28,93.085,,2017-11-02,121.19,,2017-11-02,120.99,,2017-11-02,257.59,,2017-11-02,125.3
2017-11-03,86.8778,,2017-09-29,93.076,,2017-11-03,120.62,,2017-11-03,121.13,,2017-11-03,258.45,,2017-11-03,125.64
2017-11-06,88.1545,,2017-10-02,93.559,,2017-11-06,121.65,,2017-11-06,121.16,,2017-11-06,258.85,,2017-11-06,126.11
2017-11-07,87.5385,,2017-10-03,93.569,,2017-11-07,121.21,,2017-11-07,121.06,,2017-11-07,258.67,,2017-11-07,126.64
2017-11-08,87.6437,,2017-10-04,93.458,,2017-11-08,121.63,,2017-11-08,120.9,,2017-11-08,259.11,,2017-11-08,126.36
2017-11-09,87.4571,,2017-10-05,93.961,,2017-11-09,122.13,,2017-11-09,120.58,,2017-11-09,258.17,,2017-11-09,126.0
2017-11-10,87.2811,,2017-10-06,93.8,,2017-11-10,121.13,,2017-11-10,119.89,,2017-11-10,258.09,,2017-11-10,124.1
2017-11-13,87.2035,,2017-10-09,93.675,,2017-11-13,121.31,,2017-11-13,119.91,,2017-11-13,258.33,,2017-11-13,124.36
2017-11-14,86.1605,,2017-10-10,93.29,,2017-11-14,121.56,,2017-11-14,119.94,,2017-11-14,257.73,,2017-11-14,125.2
2017-11-15,86.0009,,2017-10-11,93.015,,2017-11-15,121.41,,2017-11-15,120.45,,2017-11-15,256.44,,2017-11-15,126.56
2017-11-16,85.6633,,2017-10-12,93.057,,2017-11-16,121.4,,2017-11-16,120.31,,2017-11-16,258.62,,2017-11-16,125.46
2017-11-17,86.7657,,2017-10-13,93.091,,2017-11-17,122.86,,2017-11-17,120.46,,2017-11-17,257.86,,2017-11-17,126.39
2017-11-20,86.1931,,2017-10-16,93.312,,2017-11-20,121.31,,2017-11-20,120.46,,2017-11-20,258.3,,2017-11-20,126.34
2017-11-21,86.4733,,2017-10-17,93.486,,2017-11-21,121.51,,2017-11-21,120.86,,2017-11-21,259.99,,2017-11-21,126.74
2017-11-22,87.04,,2017-10-18,93.363,,2017-11-22,122.63,,2017-11-22,121.33,,2017-11-22,259.76,,2017-11-22,127.15
2017-11-24,86.9996,,2017-10-19,93.266,,2017-11-24,122.32,,2017-11-24,121.19,,2017-11-24,260.36,,2017-11-24,126.8
2017-11-27,86.9032,,2017-10-20,93.701,,2017-11-27,122.83,,2017-11-27,121.12,,2017-11-27,260.23,,2017-11-27,126.62
2017-11-28,86.7248,,2017-10-23,93.936,,2017-11-28,122.81,,2017-11-28,121.29,,2017-11-28,262.87,,2017-11-28,126.79
2017-11-29,86.4388,,2017-10-24,93.772,,2017-11-29,122.04,,2017-11-29,120.81,,2017-11-29,262.71,,2017-11-29,125.54
2017-11-30,85.7033,,2017-10-25,93.711,,2017-11-30,121.1,,2017-11-30,120.67,,2017-11-30,265.01,,2017-11-30,125.12
2017-12-01,86.4793,,2017-10-26,94.612,,2017-12-01,121.59,,2017-12-01,120.72,,2017-12-01,264.46,,2017-12-01,126.55
2017-12-04,85.7451,,2017-10-27,94.916,,2017-12-04,121.18,,2017-12-04,120.91,,2017-12-04,264.14,,2017-12-04,126.61
2017-12-05,85.0298,,2017-10-30,94.56,,2017-12-05,120.32,,2017-12-05,121.14,,2017-12-05,263.19,,2017-12-05,127.24
2017-12-06,84.1074,,2017-10-31,94.552,,2017-12-06,120.07,,2017-12-06,121.37,,2017-12-06,263.24,,2017-12-06,127.68
2017-12-07,83.8016,,2017-11-01,94.815,,2017-12-07,118.49,,2017-12-07,121.13,,2017-12-07,264.07,,2017-12-07,126.68
2017-12-08,84.0109,,2017-11-02,94.685,,2017-12-08,118.48,,2017-12-08,120.98,,2017-12-08,265.51,,2017-12-08,126.69
2017-12-11,84.2183,,2017-11-03,94.941,,2017-12-11,118.01,,2017-12-11,121.07,,2017-12-11,266.31,,2017-12-11,126.43
2017-12-12,83.4281,,2017-11-06,94.757,,2017-12-12,118.15,,2017-12-12,120.98,,2017-12-12,266.78,,2017-12-12,126.38
2017-12-13,83.4683,,2017-11-07,94.913,,2017-12-13,119.17,,2017-12-13,121.4,,2017-12-13,266.75,,2017-12-13,127.33
2017-12-14,83.8374,,2017-11-08,94.866,,2017-12-14,118.93,,2017-12-14,121.62,,2017-12-14,265.66,,2017-12-14,127.87
2017-12-15,84.053,,2017-11-09,94.444,,2017-12-15,119.18,,2017-12-15,121.79,,2017-12-15,266.51,,2017-12-15,128.35
2017-12-18,84.4705,,2017-11-10,94.391,,2017-12-18,119.73,,2017-12-18,121.43,,2017-12-18,268.2,,2017-12-18,127.18
2017-12-19,84.5847,,2017-11-13,94.49,,2017-12-19,119.82,,2017-12-19,120.81,,2017-12-19,267.17,,2017-12-19,125.53
2017-12-20,85.0521,,2017-11-14,93.827,,2017-12-20,120.14,,2017-12-20,120.49,,2017-12-20,267.03,,2017-12-20,124.14
2017-12-21,85.277,,2017-11-15,93.813,,2017-12-21,120.31,,2017-12-21,120.56,,2017-12-21,267.58,,2017-12-21,124.6
2017-12-22,85.7451,,2017-11-16,93.932,,2017-12-22,120.94,,2017-12-22,120.65,,2017-12-22,267.51,,2017-12-22,124.77
2017-12-26,86.7311,,2017-11-17,93.662,,2017-12-26,121.77,,2017-12-26,120.81,,2017-12-26,267.19,,2017-12-26,125.14
2017-12-27,87.0755,,2017-11-20,94.08,,2017-12-27,122.23,,2017-12-27,121.48,,2017-12-27,267.32,,2017-12-27,126.77
2017-12-28,87.698,,2017-11-21,93.952,,2017-12-28,122.85,,2017-12-28,121.4,,2017-12-28,267.87,,2017-12-28,126.66
2017-12-29,88.1674,,2017-11-22,93.22,,2017-12-29,123.65,,2017-12-29,121.56,,2017-12-29,266.86,,2017-12-29,126.86
